id,maxtemp,dewpoint,humidity,cloud,sunshine,windspeed,maxt-dew,cloud_humidity,cloud_humidity/Press,clo^2,wi,sun_humidity
2190,17.5,14.9,96.0,99.0,0.0,24.3,2.5999999999999996,9504.0,9.322216772927906,9801.0,68.10000000000001,0.0
2191,17.5,15.1,97.0,99.0,0.0,35.3,2.4000000000000004,9603.0,9.447122479094933,9801.0,68.5,0.0
2192,11.2,8.9,86.0,96.0,0.0,16.9,2.299999999999999,8256.0,8.063287430413126,9216.0,63.199999999999996,0.0
2193,20.6,9.5,75.0,45.0,7.1,50.6,11.100000000000001,3375.0,3.2994427607781796,2025.0,41.37,0.09466666666666666
2194,16.1,4.3,68.0,49.0,9.2,19.4,11.8,3332.0,3.2596360790451966,2401.0,39.14000000000001,0.13529411764705881
2195,15.6,9.0,76.0,94.0,0.0,41.4,6.6,7144.0,6.955505793009444,8836.0,58.6,0.0
2196,15.5,11.8,79.0,95.0,0.0,43.1,3.6999999999999993,7505.0,7.33913553686681,9025.0,60.1,0.0
2197,20.5,13.1,94.0,93.0,0.2,41.3,7.4,8742.0,8.625555007400099,8649.0,65.44,0.002127659574468085
2198,16.3,10.8,85.0,99.0,0.1,34.0,5.5,8415.0,8.239498678155293,9801.0,63.67,0.0011764705882352942
2199,10.4,3.1,69.0,88.0,0.0,26.4,7.300000000000001,6072.0,5.917551895526752,7744.0,54.0,0.0
2200,17.6,15.8,95.0,100.0,0.0,29.0,1.8000000000000007,9500.0,9.336609336609337,10000.0,68.0,0.0
2201,16.5,9.8,70.0,49.0,9.7,33.4,6.699999999999999,3430.0,3.357807146353402,2401.0,39.790000000000006,0.13857142857142857
2202,17.6,12.9,95.0,100.0,0.0,41.3,4.700000000000001,9500.0,9.322865554465162,10000.0,68.0,0.0
2203,16.2,14.6,97.0,86.0,0.0,24.4,1.5999999999999996,8342.0,8.239012345679013,7396.0,64.60000000000001,0.0
2204,7.4,3.5,71.0,70.0,5.1,11.0,3.9000000000000004,4970.0,4.856361149110807,4900.0,47.870000000000005,0.07183098591549296
2205,15.3,6.8,59.0,19.0,9.9,29.8,8.5,1121.0,1.0961181187053877,361.0,26.330000000000002,0.16779661016949154
2206,14.7,0.3,90.0,91.0,0.6,30.2,14.399999999999999,8190.0,7.988685134607881,8281.0,63.12,0.006666666666666666
2207,14.9,3.1,77.0,82.0,0.0,16.7,11.8,6314.0,6.165413533834587,6724.0,55.4,0.0
2208,17.6,9.8,70.0,49.0,10.2,28.6,7.800000000000001,3430.0,3.3450360834796173,2401.0,39.64,0.1457142857142857
2209,15.8,6.4,52.0,19.0,9.1,32.2,9.4,988.0,0.9647495361781077,361.0,23.77,0.175
2210,17.5,9.8,76.0,51.0,9.0,19.6,7.699999999999999,3876.0,3.7550862236000775,2601.0,43.0,0.11842105263157894
2211,21.7,11.0,72.0,49.0,5.6,15.4,10.7,3528.0,3.444976076555024,2401.0,41.82,0.07777777777777778
2212,19.9,14.3,78.0,86.0,0.6,9.2,5.599999999999998,6708.0,6.538648991129739,7396.0,56.82,0.007692307692307692
2213,23.4,20.6,97.0,92.0,0.0,40.0,2.799999999999997,8924.0,8.798185941043084,8464.0,66.4,0.0
2214,24.9,20.6,87.0,80.0,3.5,40.0,4.299999999999997,6960.0,6.874074074074074,6400.0,57.75000000000001,0.040229885057471264
2215,24.8,17.7,75.0,66.0,6.0,9.1,7.100000000000001,4950.0,4.888888888888889,4356.0,48.0,0.08
2216,22.5,9.8,58.0,19.0,8.2,28.5,12.7,1102.0,1.0873211642821905,361.0,26.44,0.14137931034482756
2217,21.3,18.9,92.0,93.0,0.0,37.0,2.400000000000002,8556.0,8.45037037037037,8649.0,64.7,0.0
2218,23.6,19.1,90.0,81.0,1.5,33.0,4.5,7290.0,7.190058191143111,6561.0,59.849999999999994,0.016666666666666666
2219,25.3,16.8,78.0,68.0,6.3,17.5,8.5,5304.0,5.210216110019647,4624.0,49.71,0.08076923076923077
2220,22.9,17.3,90.0,88.0,0.2,12.5,5.599999999999998,7920.0,7.801418439716311,7744.0,62.339999999999996,0.0022222222222222222
2221,21.0,18.5,91.0,87.0,0.0,15.3,2.5,7917.0,7.80846237301509,7569.0,62.5,0.0
2222,21.4,18.4,84.0,83.0,3.4,17.2,3.0,6972.0,6.8696423292935265,6889.0,57.48,0.04047619047619048
2223,18.6,16.4,95.0,93.0,0.0,29.8,2.200000000000003,8835.0,8.643122676579925,8649.0,65.9,0.0
2224,25.1,20.8,82.0,78.0,0.8,14.2,4.300000000000001,6396.0,6.285995085995086,6084.0,55.96,0.00975609756097561
2225,17.3,15.2,80.0,88.0,0.2,21.6,2.1000000000000014,7040.0,6.9366440043354025,7744.0,58.339999999999996,0.0025
2226,24.9,16.1,76.0,48.0,5.9,21.5,8.799999999999997,3648.0,3.5962145110410098,2304.0,43.029999999999994,0.07763157894736843
2227,17.1,11.3,79.0,94.0,0.7,21.9,5.800000000000001,7426.0,7.30977458411261,8836.0,59.589999999999996,0.008860759493670885
2228,17.1,12.9,75.0,85.0,1.0,21.8,4.200000000000001,6375.0,6.241433326806344,7225.0,55.2,0.013333333333333334
2229,23.0,15.5,83.0,81.0,0.7,42.0,7.5,6723.0,6.611919748229741,6561.0,57.29,0.008433734939759036
2230,24.6,17.8,77.0,85.0,2.5,33.5,6.800000000000001,6545.0,6.4584566804815475,7225.0,55.55,0.032467532467532464
2231,25.3,19.9,83.0,81.0,1.3,21.4,5.400000000000002,6723.0,6.626909807787087,6561.0,57.11,0.01566265060240964
2232,18.7,10.9,76.0,47.0,9.3,29.0,7.799999999999999,3572.0,3.4930569137492666,2209.0,41.71,0.12236842105263158
2233,17.4,12.1,77.0,93.0,0.0,26.1,5.299999999999999,7161.0,7.037837837837838,8649.0,58.7,0.0
2234,15.7,11.2,92.0,92.0,0.2,18.6,4.5,8464.0,8.276131807959324,8464.0,64.34,0.002173913043478261
2235,22.1,16.2,76.0,53.0,10.5,21.5,5.900000000000002,4028.0,3.9451518119490694,2809.0,43.15,0.13815789473684212
2236,17.6,13.3,79.0,49.0,9.1,41.3,4.300000000000001,3871.0,3.8183073584533442,2401.0,43.57,0.11518987341772151
2237,17.1,14.3,94.0,93.0,0.2,28.8,2.8000000000000007,8742.0,8.595025071281093,8649.0,65.44,0.002127659574468085
2238,18.7,13.6,78.0,59.0,9.0,27.3,5.1,4602.0,4.50999607996864,3481.0,46.2,0.11538461538461539
2239,18.1,13.3,75.0,83.0,0.0,33.2,4.800000000000001,6225.0,6.0880195599022,6889.0,54.9,0.0
2240,15.6,8.9,86.0,100.0,0.0,34.3,6.699999999999999,8600.0,8.444619010212097,10000.0,64.4,0.0
2241,19.3,16.1,90.0,100.0,0.0,27.3,3.1999999999999993,9000.0,8.872239747634069,10000.0,66.0,0.0
2242,17.4,16.6,95.0,100.0,0.1,26.4,0.7999999999999972,9500.0,9.341199606686333,10000.0,67.97,0.0010526315789473684
2243,15.5,11.1,95.0,95.0,0.0,27.9,4.4,9025.0,8.861940298507463,9025.0,66.5,0.0
2244,20.4,18.0,95.0,91.0,0.0,37.9,2.3999999999999986,8645.0,8.5180805990738,8281.0,65.3,0.0
2245,21.3,17.3,97.0,93.0,0.4,31.2,4.0,9021.0,8.851059654631083,8649.0,66.58,0.004123711340206186
2246,15.3,11.5,85.0,93.0,0.1,19.8,3.8000000000000007,7905.0,7.808949916032797,8649.0,61.87,0.0011764705882352942
2247,24.9,19.1,97.0,79.0,0.0,23.3,5.799999999999997,7663.0,7.52159403219474,6241.0,62.5,0.0
2248,22.1,18.4,79.0,88.0,0.0,30.6,3.700000000000003,6952.0,6.864816826305915,7744.0,58.0,0.0
2249,22.9,17.7,92.0,88.0,0.0,15.5,5.199999999999999,8096.0,8.0,7744.0,63.2,0.0
2250,19.7,14.0,91.0,88.0,4.7,25.0,5.699999999999999,8008.0,7.840219306833758,7744.0,61.39,0.05164835164835165
2251,19.9,16.2,94.0,91.0,0.0,28.6,3.6999999999999993,8554.0,8.403575989782887,8281.0,64.9,0.0
2252,23.1,18.1,95.0,91.0,0.0,16.0,5.0,8645.0,8.481310703423919,8281.0,65.3,0.0
2253,19.3,12.2,78.0,86.0,0.6,25.2,7.100000000000001,6708.0,6.570672935645019,7396.0,56.82,0.007692307692307692
2254,22.9,14.3,70.0,69.0,3.4,30.6,8.599999999999998,4830.0,4.771312851921367,4761.0,47.68,0.04857142857142857
2255,21.3,12.2,63.0,73.0,9.2,17.2,9.100000000000001,4599.0,4.495161763268498,5329.0,44.34,0.146031746031746
2256,20.3,14.3,76.0,43.0,10.0,19.3,6.0,3268.0,3.204864175737962,1849.0,40.300000000000004,0.13157894736842105
2257,22.4,18.9,76.0,81.0,0.3,35.6,3.5,6156.0,6.0566706021251475,6561.0,54.61,0.003947368421052632
2258,24.3,19.9,87.0,79.0,1.5,14.6,4.400000000000002,6873.0,6.776769867876158,6241.0,58.05,0.017241379310344827
2259,21.2,12.5,70.0,29.0,3.9,6.1,8.7,2030.0,1.9900009802960494,841.0,35.53,0.055714285714285716
2260,21.0,16.8,95.0,100.0,0.0,29.3,4.199999999999999,9500.0,9.357762017336485,10000.0,68.0,0.0
2261,19.4,15.5,75.0,90.0,0.0,33.0,3.8999999999999986,6750.0,6.601466992665037,8100.0,57.0,0.0
2262,24.5,21.4,91.0,84.0,0.0,9.8,3.1000000000000014,7644.0,7.515485203028217,7056.0,61.599999999999994,0.0
2263,26.3,20.7,92.0,88.0,1.2,20.5,5.600000000000001,8096.0,7.98500838346977,7744.0,62.84,0.013043478260869565
2264,23.4,21.4,92.0,88.0,0.0,25.2,2.0,8096.0,7.957538824454492,7744.0,63.2,0.0
2265,26.9,16.5,84.0,88.0,1.2,39.5,10.399999999999999,7392.0,7.237125514000391,7744.0,59.64,0.014285714285714285
2266,25.3,21.6,91.0,79.0,0.3,16.9,3.6999999999999993,7189.0,7.100246913580247,6241.0,60.00999999999999,0.0032967032967032967
2267,25.9,22.7,97.0,88.0,0.6,33.2,3.1999999999999993,8536.0,8.423130057233077,7744.0,65.02,0.006185567010309278
2268,26.1,19.2,73.0,60.0,7.7,14.7,6.900000000000002,4380.0,4.278179331900762,3600.0,44.89,0.10547945205479452
2269,17.6,15.5,91.0,88.0,0.1,28.4,2.1000000000000014,8008.0,7.9247897080653145,7744.0,62.769999999999996,0.001098901098901099
2270,26.9,21.3,90.0,82.0,1.2,12.1,5.599999999999998,7380.0,7.311274024172776,6724.0,60.239999999999995,0.013333333333333332
2271,24.7,21.2,92.0,88.0,0.2,39.7,3.5,8096.0,8.013461348114422,7744.0,63.14,0.002173913043478261
2272,24.2,16.9,79.0,51.0,7.7,14.5,7.300000000000001,4029.0,3.983587106980423,2601.0,44.589999999999996,0.09746835443037975
2273,25.6,19.9,94.0,84.0,2.1,11.3,5.700000000000003,7896.0,7.8085443037974684,7056.0,62.169999999999995,0.022340425531914895
2274,23.8,22.7,92.0,81.0,0.0,16.3,1.1000000000000014,7452.0,7.378948410733736,6561.0,61.10000000000001,0.0
2275,24.9,22.3,95.0,83.0,0.0,19.0,2.599999999999998,7885.0,7.780738109334912,6889.0,62.9,0.0
2276,26.2,24.2,90.0,85.0,1.8,30.0,2.0,7650.0,7.563772987937512,7225.0,60.96,0.02
2277,26.2,22.9,86.0,83.0,3.9,24.4,3.3000000000000007,7138.0,7.04639684106614,6889.0,58.129999999999995,0.04534883720930232
2278,26.2,20.6,92.0,88.0,0.9,19.8,5.599999999999998,8096.0,7.9897365044902795,7744.0,62.93,0.009782608695652175
2279,26.6,20.7,93.0,84.0,1.2,20.0,5.900000000000002,7812.0,7.708703374777976,7056.0,62.040000000000006,0.012903225806451613
2280,28.2,23.2,90.0,83.0,3.5,14.5,5.0,7470.0,7.394575331617501,6889.0,59.85,0.03888888888888889
2281,28.2,21.4,91.0,85.0,1.4,26.5,6.800000000000001,7735.0,7.631968426245683,7225.0,61.48,0.015384615384615384
2282,26.7,21.9,91.0,83.0,0.0,14.2,4.800000000000001,7553.0,7.456071076011846,6889.0,61.3,0.0
2283,28.4,22.0,87.0,88.0,2.2,10.9,6.399999999999999,7656.0,7.538400945254037,7744.0,60.540000000000006,0.025287356321839084
2284,25.3,21.4,86.0,88.0,0.2,13.3,3.900000000000002,7568.0,7.476044650795219,7744.0,60.739999999999995,0.002325581395348837
2285,28.2,24.0,86.0,87.0,0.3,25.0,4.199999999999999,7482.0,7.374334713187463,7569.0,60.41,0.0034883720930232558
2286,28.6,23.3,89.0,88.0,0.3,30.3,5.300000000000001,7832.0,7.758296186230807,7744.0,61.91,0.0033707865168539327
2287,26.2,24.3,90.0,83.0,4.8,13.9,1.8999999999999986,7470.0,7.409244197579845,6889.0,59.46,0.05333333333333333
2288,25.8,23.2,81.0,86.0,2.9,7.4,2.6000000000000014,6966.0,6.88816374962919,7396.0,57.330000000000005,0.03580246913580247
2289,27.1,23.4,85.0,73.0,5.8,28.9,3.700000000000003,6205.0,6.1368806250618135,5329.0,54.16,0.06823529411764706
2290,28.4,24.2,89.0,88.0,1.6,29.3,4.199999999999999,7832.0,7.765989092711949,7744.0,61.52,0.017977528089887642
2291,29.8,23.3,86.0,83.0,3.9,13.0,6.5,7138.0,7.055451220717604,6889.0,58.129999999999995,0.04534883720930232
2292,29.6,23.7,84.0,70.0,3.0,14.3,5.900000000000002,5880.0,5.813723551512755,4900.0,53.7,0.03571428571428571
2293,29.6,23.7,87.0,88.0,0.3,21.9,5.900000000000002,7656.0,7.592978280273728,7744.0,61.11,0.0034482758620689655
2294,27.5,24.8,79.0,88.0,3.3,26.2,2.6999999999999993,6952.0,6.890673010209139,7744.0,57.01,0.04177215189873418
2295,30.8,25.0,90.0,84.0,4.9,16.5,5.800000000000001,7560.0,7.498512199960325,7056.0,59.730000000000004,0.05444444444444445
2296,30.6,25.0,89.0,85.0,0.6,10.2,5.600000000000001,7565.0,7.503471533425907,7225.0,60.92,0.006741573033707865
2297,31.1,25.3,79.0,82.0,2.4,20.0,5.800000000000001,6478.0,6.423401090728805,6724.0,55.480000000000004,0.030379746835443037
2298,28.8,24.3,91.0,90.0,1.4,20.9,4.5,8190.0,8.098487095817266,8100.0,62.98,0.015384615384615384
2299,26.9,20.2,82.0,79.0,1.6,30.4,6.699999999999999,6478.0,6.399920964236316,6241.0,56.02,0.01951219512195122
2300,31.0,25.3,87.0,84.0,2.4,27.3,5.699999999999999,7308.0,7.24856179329498,7056.0,59.28,0.027586206896551724
2301,30.4,22.2,78.0,74.0,5.5,15.4,8.2,5772.0,5.713154508561813,5476.0,51.75000000000001,0.07051282051282051
2302,28.4,23.1,75.0,81.0,3.3,11.9,5.299999999999997,6075.0,6.011875309252845,6561.0,53.309999999999995,0.044
2303,28.7,25.3,89.0,88.0,0.3,24.4,3.3999999999999986,7832.0,7.755223289434598,7744.0,61.91,0.0033707865168539327
2304,28.4,24.5,87.0,84.0,1.2,22.0,3.8999999999999986,7308.0,7.237076648841355,7056.0,59.64,0.013793103448275862
2305,28.2,22.9,91.0,78.0,2.1,11.8,5.300000000000001,7098.0,7.0291146761735,6084.0,59.169999999999995,0.023076923076923078
2306,27.1,21.1,87.0,88.0,0.5,12.5,6.0,7656.0,7.561481481481482,7744.0,61.050000000000004,0.005747126436781609
2307,30.0,23.1,81.0,84.0,3.2,11.8,6.899999999999999,6804.0,6.723320158102767,7056.0,56.63999999999999,0.03950617283950617
2308,27.9,22.1,82.0,81.0,1.2,22.1,5.799999999999997,6642.0,6.56713466482104,6561.0,56.74000000000001,0.014634146341463414
2309,30.3,24.2,82.0,88.0,3.1,12.5,6.100000000000001,7216.0,7.159440420676654,7744.0,58.27,0.03780487804878049
2310,27.7,22.1,78.0,67.0,8.5,39.3,5.599999999999998,5226.0,5.1953474500447365,4489.0,48.75,0.10897435897435898
2311,28.1,23.0,77.0,83.0,2.9,10.9,5.100000000000001,6391.0,6.304626615369439,6889.0,54.830000000000005,0.03766233766233766
2312,28.9,20.6,79.0,79.0,6.0,24.5,8.299999999999997,6241.0,6.177984557513364,6241.0,53.5,0.0759493670886076
2313,30.8,19.9,76.0,61.0,8.6,11.8,10.900000000000002,4636.0,4.5810276679841895,3721.0,46.120000000000005,0.1131578947368421
2314,31.0,25.2,78.0,86.0,3.3,24.4,5.800000000000001,6708.0,6.654101775617498,7396.0,56.01,0.0423076923076923
2315,29.2,22.2,79.0,61.0,6.0,27.6,7.0,4819.0,4.772232125173302,3721.0,48.10000000000001,0.0759493670886076
2316,28.2,25.4,87.0,88.0,0.2,20.7,2.8000000000000007,7656.0,7.611094542201014,7744.0,61.14,0.0022988505747126436
2317,29.8,25.4,84.0,88.0,0.4,15.2,4.400000000000002,7392.0,7.332605892272592,7744.0,59.88,0.004761904761904762
2318,30.2,25.8,89.0,88.0,2.6,29.6,4.399999999999999,7832.0,7.735308641975308,7744.0,61.22,0.029213483146067417
2319,31.6,25.5,79.0,83.0,2.3,15.3,6.100000000000001,6557.0,6.4998017446471055,6889.0,55.81,0.02911392405063291
2320,31.2,25.2,82.0,89.0,3.3,12.6,6.0,7298.0,7.238643126363816,7921.0,58.51,0.04024390243902439
2321,31.2,25.8,82.0,84.0,1.2,20.5,5.399999999999999,6888.0,6.821152703505645,7056.0,57.64,0.014634146341463414
2322,33.0,25.4,79.0,70.0,7.6,33.5,7.600000000000001,5530.0,5.488833746898263,4900.0,50.32,0.09620253164556962
2323,31.6,26.3,79.0,84.0,1.0,16.6,5.300000000000001,6636.0,6.55860842063649,7056.0,56.5,0.012658227848101266
2324,33.3,26.3,84.0,88.0,0.3,23.5,6.9999999999999964,7392.0,7.334788648541378,7744.0,59.91,0.0035714285714285713
2325,30.6,25.4,87.0,83.0,2.8,7.4,5.200000000000003,7221.0,7.158719143451967,6889.0,58.86,0.03218390804597701
2326,31.7,25.5,82.0,88.0,0.2,13.0,6.199999999999999,7216.0,7.162282878411911,7744.0,59.14,0.0024390243902439024
2327,33.2,25.8,87.0,87.0,0.2,20.3,7.400000000000002,7569.0,7.506694436179709,7569.0,60.84,0.0022988505747126436
2328,29.5,25.4,85.0,86.0,1.0,20.2,4.100000000000001,7310.0,7.2491074970249905,7396.0,59.5,0.011764705882352941
2329,31.2,25.2,86.0,93.0,0.9,24.4,6.0,7998.0,7.938461538461539,8649.0,62.029999999999994,0.010465116279069767
2330,32.8,26.7,84.0,88.0,1.3,41.4,6.099999999999998,7392.0,7.327517842981761,7744.0,59.61,0.015476190476190477
2331,27.9,25.9,94.0,82.0,11.8,28.4,2.0,7708.0,7.662027833001988,6724.0,58.660000000000004,0.12553191489361704
2332,33.1,26.1,78.0,29.0,11.4,14.5,7.0,2262.0,2.2438250173593888,841.0,36.480000000000004,0.14615384615384616
2333,29.8,24.4,85.0,81.0,0.1,7.9,5.400000000000002,6885.0,6.84597792582281,6561.0,58.269999999999996,0.0011764705882352942
2334,29.4,25.7,92.0,91.0,0.5,14.1,3.6999999999999993,8372.0,8.29896907216495,8281.0,63.95000000000001,0.005434782608695652
2335,30.1,25.0,97.0,97.0,0.9,9.1,5.100000000000001,9409.0,9.330622768742563,9409.0,67.63000000000001,0.009278350515463918
2336,27.8,25.2,93.0,88.0,0.0,26.9,2.6000000000000014,8184.0,8.129532134697525,7744.0,63.6,0.0
2337,32.0,24.8,74.0,51.0,11.8,26.7,7.199999999999999,3774.0,3.7407077014570325,2601.0,41.36,0.15945945945945947
2338,29.4,24.7,87.0,84.0,0.3,14.2,4.699999999999999,7308.0,7.266580491200159,7056.0,59.91,0.0034482758620689655
2339,32.3,25.3,75.0,70.0,8.9,41.4,6.9999999999999964,5250.0,5.21402323964644,4900.0,48.33,0.11866666666666667
2340,33.8,25.9,79.0,100.0,3.2,21.9,7.899999999999999,7900.0,7.866175445583989,10000.0,60.64,0.04050632911392405
2341,33.2,26.3,84.0,80.0,6.7,28.8,6.900000000000002,6720.0,6.656760772659733,6400.0,55.59,0.07976190476190477
2342,33.3,26.0,81.0,86.0,2.1,26.7,7.299999999999997,6966.0,6.907973026576755,7396.0,57.57,0.02592592592592593
2343,30.8,23.2,76.0,57.0,10.0,25.1,7.600000000000001,4332.0,4.286986640277091,3249.0,44.5,0.13157894736842105
2344,33.3,26.4,89.0,83.0,6.1,22.8,6.899999999999999,7387.0,7.338565467911782,6889.0,58.67,0.06853932584269662
2345,35.2,26.4,84.0,73.0,5.7,37.5,8.800000000000004,6132.0,6.0803173029251365,5329.0,53.79,0.06785714285714287
2346,32.7,25.4,61.0,77.0,0.8,11.8,7.300000000000004,4697.0,4.661109457179716,5929.0,47.26,0.013114754098360656
2347,35.1,26.0,79.0,78.0,5.0,22.8,9.100000000000001,6162.0,6.116129032258065,6084.0,53.5,0.06329113924050633
2348,33.0,26.5,81.0,78.0,4.5,21.5,6.5,6318.0,6.267235393314155,6084.0,54.449999999999996,0.05555555555555555
2349,32.7,25.4,87.0,82.0,5.7,10.3,7.300000000000004,7134.0,7.071067499256617,6724.0,57.690000000000005,0.06551724137931035
2350,30.9,26.1,81.0,79.0,6.7,25.0,4.799999999999997,6399.0,6.3456961523205075,6241.0,54.089999999999996,0.08271604938271605
2351,33.0,25.0,81.0,84.0,2.5,14.5,8.0,6804.0,6.753349875930521,7056.0,56.849999999999994,0.030864197530864196
2352,33.7,24.7,74.0,46.0,10.8,24.9,9.000000000000004,3404.0,3.3706307555203487,2116.0,40.16,0.14594594594594595
2353,33.2,24.7,77.0,53.0,10.5,25.2,8.500000000000004,4081.0,4.04419780001982,2809.0,43.550000000000004,0.13636363636363635
2354,33.3,25.3,74.0,44.0,10.4,17.2,7.9999999999999964,3256.0,3.229517952787145,1936.0,39.68,0.14054054054054055
2355,31.9,26.2,79.0,69.0,11.5,11.3,5.699999999999999,5451.0,5.4136458436786175,4761.0,48.849999999999994,0.14556962025316456
2356,33.4,26.4,89.0,80.0,6.3,29.8,7.0,7120.0,7.064893828140504,6400.0,57.71,0.07078651685393259
2357,33.4,25.8,86.0,80.0,2.1,11.2,7.599999999999998,6880.0,6.824042848641143,6400.0,57.769999999999996,0.02441860465116279
2358,30.6,25.5,86.0,83.0,2.3,12.5,5.100000000000001,7138.0,7.075032213301616,6889.0,58.61,0.026744186046511628
2359,35.6,25.4,79.0,43.0,10.1,11.3,10.200000000000003,3397.0,3.380099502487562,1849.0,41.47,0.12784810126582277
2360,30.3,24.8,83.0,77.0,0.9,23.5,5.5,6391.0,6.337134357957362,5929.0,56.029999999999994,0.010843373493975903
2361,31.6,24.8,80.0,69.0,9.5,29.2,6.800000000000001,5520.0,5.48489666136725,4761.0,49.85,0.11875
2362,33.3,26.2,84.0,88.0,6.3,29.6,7.099999999999998,7392.0,7.341344721422187,7744.0,58.11,0.075
2363,33.4,26.3,89.0,48.0,9.1,12.7,7.099999999999998,4272.0,4.2301217942370535,2304.0,47.27,0.10224719101123596
2364,32.0,25.2,86.0,88.0,6.5,13.2,6.800000000000001,7568.0,7.501982553528945,7744.0,58.849999999999994,0.0755813953488372
2365,32.0,25.0,93.0,88.0,0.2,23.7,7.0,8184.0,8.109393579072533,7744.0,63.54,0.002150537634408602
2366,32.0,25.1,87.0,83.0,1.2,20.5,6.899999999999999,7221.0,7.158719143451967,6889.0,59.34,0.013793103448275862
2367,31.2,25.3,81.0,88.0,0.3,22.1,5.899999999999999,7128.0,7.079856972586413,7744.0,58.709999999999994,0.0037037037037037034
2368,31.8,26.4,85.0,88.0,3.2,26.2,5.400000000000002,7480.0,7.4316939890710385,7744.0,59.44,0.037647058823529415
2369,33.7,26.4,81.0,83.0,8.4,15.3,7.300000000000004,6723.0,6.667658434989587,6889.0,54.779999999999994,0.10370370370370371
2370,31.7,25.3,87.0,84.0,2.8,11.3,6.399999999999999,7308.0,7.245687091017252,7056.0,59.16,0.03218390804597701
2371,32.8,25.7,81.0,78.0,5.3,20.9,7.099999999999998,6318.0,6.269101012105577,6084.0,54.209999999999994,0.0654320987654321
2372,31.1,25.7,79.0,38.0,10.0,22.1,5.400000000000002,3002.0,2.9948124501197126,1444.0,40.0,0.12658227848101267
2373,33.1,25.4,81.0,88.0,1.0,16.9,7.700000000000003,7128.0,7.0700257885340205,7744.0,58.5,0.012345679012345678
2374,33.3,24.7,79.0,72.0,9.1,14.5,8.599999999999998,5688.0,5.632798573975045,5184.0,50.470000000000006,0.11518987341772151
2375,31.0,24.6,81.0,57.0,6.8,9.8,6.399999999999999,4617.0,4.579902787421883,3249.0,47.46,0.08395061728395062
2376,32.2,26.0,78.0,40.0,8.3,14.1,6.200000000000003,3120.0,3.0949310584267433,1600.0,40.71,0.10641025641025642
2377,33.3,25.3,83.0,84.0,6.1,9.4,7.9999999999999964,6972.0,6.915294584407856,7056.0,56.57000000000001,0.07349397590361445
2378,30.6,25.3,87.0,89.0,0.2,17.5,5.300000000000001,7743.0,7.674695212607791,7921.0,61.44,0.0022988505747126436
2379,31.7,25.0,78.0,79.0,6.6,19.6,6.699999999999999,6162.0,6.114308394522723,6241.0,52.92000000000001,0.0846153846153846
2380,32.9,25.0,82.0,79.0,6.0,21.2,7.899999999999999,6478.0,6.415131709249357,6241.0,54.7,0.07317073170731707
2381,33.3,25.4,81.0,77.0,5.0,12.0,7.899999999999999,6237.0,6.185045616818723,5929.0,54.0,0.06172839506172839
2382,33.1,25.9,81.0,72.0,8.5,19.2,7.200000000000003,5832.0,5.768545994065282,5184.0,51.45,0.10493827160493827
2383,33.2,24.5,72.0,32.0,9.0,12.5,8.700000000000003,2304.0,2.281414001386276,1024.0,35.699999999999996,0.125
2384,33.1,25.3,79.0,78.0,11.8,7.4,7.800000000000001,6162.0,6.12342243863659,6084.0,51.46,0.14936708860759496
2385,32.0,24.3,79.0,47.0,7.5,24.4,7.699999999999999,3713.0,3.675145996238741,2209.0,43.45,0.0949367088607595
2386,32.8,24.4,75.0,49.0,10.4,20.0,8.399999999999999,3675.0,3.6440257808626675,2401.0,41.580000000000005,0.13866666666666666
2387,32.4,24.9,78.0,69.0,8.1,25.0,7.5,5382.0,5.331880324945512,4761.0,49.470000000000006,0.10384615384615384
2388,33.1,26.4,79.0,78.0,7.7,24.5,6.700000000000003,6162.0,6.110064452156668,6084.0,52.69,0.09746835443037975
2389,33.1,24.0,74.0,55.0,11.1,17.2,9.100000000000001,4070.0,4.036497074283448,3025.0,42.77,0.15
2390,33.2,24.0,72.0,52.0,9.6,26.4,9.200000000000003,3744.0,3.711340206185567,2704.0,41.519999999999996,0.13333333333333333
2391,34.4,25.8,82.0,86.0,4.5,5.5,8.599999999999998,7052.0,6.990483743061063,7396.0,57.25000000000001,0.054878048780487805
2392,35.1,25.9,74.0,58.0,10.9,25.2,9.200000000000003,4292.0,4.2664015904572565,3364.0,43.73,0.1472972972972973
2393,32.8,25.4,76.0,84.0,4.4,23.9,7.399999999999999,6384.0,6.317664522513607,7056.0,54.28,0.05789473684210527
2394,31.1,25.9,81.0,87.0,3.2,11.9,5.200000000000003,7047.0,6.9806835066864785,7569.0,57.54,0.03950617283950617
2395,32.2,25.3,89.0,49.0,9.1,11.8,6.900000000000002,4361.0,4.333267090620032,2401.0,47.57,0.10224719101123596
2396,31.1,24.7,87.0,87.0,1.2,17.2,6.400000000000002,7569.0,7.53134328358209,7569.0,60.540000000000006,0.013793103448275862
2397,31.0,25.0,86.0,84.0,6.2,10.2,6.0,7224.0,7.1624033313503865,7056.0,57.739999999999995,0.07209302325581396
2398,33.6,25.3,89.0,58.0,7.4,12.6,8.3,5162.0,5.11038511038511,3364.0,50.78,0.08314606741573034
2399,31.5,24.3,80.0,71.0,10.8,7.4,7.199999999999999,5680.0,5.632126921170054,5041.0,50.059999999999995,0.135
2400,32.4,25.4,81.0,72.0,6.7,12.5,7.0,5832.0,5.781126090404441,5184.0,51.99,0.08271604938271605
2401,32.5,25.6,77.0,68.0,8.4,24.8,6.899999999999999,5236.0,5.191354352567916,4624.0,48.68,0.1090909090909091
2402,30.1,25.3,81.0,69.0,3.2,21.6,4.800000000000001,5589.0,5.547394540942928,4761.0,52.13999999999999,0.03950617283950617
2403,30.7,25.2,79.0,79.0,6.4,12.9,5.5,6241.0,6.211804518761819,6241.0,53.379999999999995,0.0810126582278481
2404,30.6,25.4,84.0,87.0,0.7,12.3,5.200000000000003,7308.0,7.305808257522743,7569.0,59.49,0.008333333333333333
2405,31.0,25.0,79.0,82.0,1.7,13.2,6.0,6478.0,6.440003976538423,6724.0,55.690000000000005,0.021518987341772152
2406,33.3,26.1,83.0,81.0,1.1,21.4,7.199999999999996,6723.0,6.668981251859934,6561.0,57.17,0.013253012048192772
2407,33.2,26.3,84.0,84.0,5.6,9.1,6.900000000000002,7056.0,7.018102247861548,7056.0,57.12,0.06666666666666667
2408,33.0,24.5,74.0,23.0,10.5,11.0,8.5,1702.0,1.6883245709751016,529.0,33.35,0.14189189189189189
2409,31.7,24.5,81.0,88.0,1.2,15.8,7.199999999999999,7128.0,7.074235807860262,7744.0,58.44,0.014814814814814814
2410,33.6,24.2,89.0,51.0,7.6,15.3,9.400000000000002,4539.0,4.5056581298391905,2601.0,48.62,0.08539325842696628
2411,29.4,25.0,91.0,88.0,1.8,15.0,4.399999999999999,8008.0,7.9681592039800995,7744.0,62.26,0.01978021978021978
2412,32.3,25.3,82.0,81.0,1.1,16.4,6.9999999999999964,6642.0,6.5899394781228295,6561.0,56.77000000000001,0.013414634146341465
2413,31.5,24.7,79.0,79.0,4.0,20.3,6.800000000000001,6241.0,6.188398611799703,6241.0,54.099999999999994,0.05063291139240506
2414,27.7,24.5,89.0,84.0,2.2,16.0,3.1999999999999993,7476.0,7.410785091197463,7056.0,60.14,0.02471910112359551
2415,30.9,23.2,79.0,60.0,8.5,15.4,7.699999999999999,4740.0,4.683794466403162,3600.0,47.050000000000004,0.10759493670886076
2416,31.6,23.2,89.0,81.0,2.1,12.4,8.400000000000002,7209.0,7.134092033646709,6561.0,59.27,0.02359550561797753
2417,31.2,23.8,83.0,84.0,1.4,11.3,7.399999999999999,6972.0,6.911866759195004,7056.0,57.980000000000004,0.016867469879518072
2418,31.4,23.3,89.0,82.0,3.8,24.4,8.099999999999998,7298.0,7.208613196365073,6724.0,59.06,0.04269662921348314
2419,32.3,23.3,74.0,74.0,9.2,14.5,8.999999999999996,5476.0,5.409998024105907,5476.0,49.04,0.12432432432432432
2420,32.0,23.1,75.0,51.0,7.7,28.8,8.899999999999999,3825.0,3.785254824344384,2601.0,42.989999999999995,0.10266666666666667
2421,32.6,25.9,77.0,60.0,9.6,28.0,6.700000000000003,4620.0,4.56973293768546,3600.0,45.919999999999995,0.12467532467532468
2422,27.8,23.1,84.0,88.0,1.2,13.0,4.699999999999999,7392.0,7.326791555159084,7744.0,59.64,0.014285714285714285
2423,27.9,24.4,93.0,88.0,0.4,28.0,3.5,8184.0,8.121464721643346,7744.0,63.480000000000004,0.004301075268817204
2424,30.9,25.0,89.0,88.0,2.2,27.6,5.899999999999999,7832.0,7.755223289434598,7744.0,61.34,0.02471910112359551
2425,34.3,22.5,77.0,29.0,10.5,17.2,11.799999999999997,2233.0,2.2078307296816293,841.0,36.35,0.13636363636363635
2426,29.6,22.1,75.0,47.0,8.2,13.7,7.5,3525.0,3.483545804921435,2209.0,41.64,0.10933333333333332
2427,31.2,23.7,84.0,47.0,7.9,38.0,7.5,3948.0,3.9011857707509883,2209.0,45.330000000000005,0.09404761904761905
2428,31.0,22.1,84.0,78.0,2.0,40.8,8.899999999999999,6552.0,6.474308300395257,6084.0,56.4,0.023809523809523808
2429,31.2,24.3,77.0,61.0,10.0,9.2,6.899999999999999,4697.0,4.635349847034442,3721.0,46.1,0.12987012987012986
2430,31.0,25.3,81.0,82.0,4.3,15.8,5.699999999999999,6642.0,6.543842364532019,6724.0,55.71,0.053086419753086415
2431,29.6,23.3,86.0,88.0,0.2,17.3,6.300000000000001,7568.0,7.460567823343848,7744.0,60.739999999999995,0.002325581395348837
2432,29.1,23.4,88.0,82.0,2.4,18.0,5.700000000000003,7216.0,7.113564668769716,6724.0,59.08,0.02727272727272727
2433,28.4,23.2,82.0,46.0,7.7,41.3,5.199999999999999,3772.0,3.7169885691761926,2116.0,44.29,0.09390243902439024
2434,31.0,25.2,86.0,88.0,2.0,21.3,5.800000000000001,7568.0,7.4930693069306935,7744.0,60.199999999999996,0.023255813953488372
2435,31.0,24.3,84.0,78.0,4.5,11.2,6.699999999999999,6552.0,6.480712166172107,6084.0,55.65,0.05357142857142857
2436,31.7,24.8,81.0,70.0,3.4,39.9,6.899999999999999,5670.0,5.631145098818155,4900.0,52.379999999999995,0.04197530864197531
2437,30.2,24.9,78.0,69.0,9.5,16.5,5.300000000000001,5382.0,5.334522747546833,4761.0,49.050000000000004,0.12179487179487179
2438,31.0,25.0,82.0,84.0,0.4,12.0,6.0,6888.0,6.811708860759493,7056.0,57.88,0.004878048780487805
2439,31.0,23.6,76.0,88.0,3.6,15.4,7.399999999999999,6688.0,6.608695652173913,7744.0,55.72,0.04736842105263158
2440,32.4,25.3,82.0,59.0,6.2,25.5,7.099999999999998,4838.0,4.790573324091494,3481.0,48.64,0.07560975609756097
2441,31.2,25.3,87.0,83.0,6.2,20.0,5.899999999999999,7221.0,7.158009516256939,6889.0,57.84,0.07126436781609195
2442,31.2,24.4,81.0,69.0,7.4,8.3,6.800000000000001,5589.0,5.551251489868892,4761.0,50.879999999999995,0.09135802469135802
2443,31.0,23.3,74.0,65.0,8.1,14.6,7.699999999999999,4810.0,4.770878793890101,4225.0,46.67,0.10945945945945945
2444,29.7,24.6,75.0,88.0,0.5,30.3,5.099999999999998,6600.0,6.554772072698381,7744.0,56.25,0.006666666666666667
2445,29.6,25.2,83.0,81.0,3.0,43.8,4.400000000000002,6723.0,6.647221672928614,6561.0,56.6,0.03614457831325301
2446,29.1,24.5,84.0,87.0,3.1,50.7,4.600000000000001,7308.0,7.225627842594424,7569.0,58.77,0.036904761904761905
2447,28.1,23.1,79.0,88.0,0.2,43.8,5.0,6952.0,6.87908173362359,7744.0,57.94,0.002531645569620253
2448,30.2,25.9,86.0,95.0,1.4,20.3,4.300000000000001,8170.0,8.053228191227205,9025.0,62.48,0.01627906976744186
2449,28.2,23.6,68.0,39.0,9.1,12.6,4.599999999999998,2652.0,2.6171913549787824,1521.0,36.17000000000001,0.1338235294117647
2450,27.6,23.2,84.0,88.0,1.1,32.2,4.400000000000002,7392.0,7.281323877068558,7744.0,59.67,0.013095238095238096
2451,28.8,25.2,94.0,87.0,0.0,14.1,3.6000000000000014,8178.0,8.109877032923443,7569.0,63.7,0.0
2452,26.6,23.2,88.0,94.0,0.7,11.9,3.400000000000002,8272.0,8.186046511627907,8836.0,63.190000000000005,0.007954545454545454
2453,24.6,21.5,91.0,89.0,2.3,52.8,3.1000000000000014,8099.0,8.00296442687747,7921.0,62.41,0.02527472527472527
2454,27.6,23.2,77.0,89.0,0.4,39.7,4.400000000000002,6853.0,6.739771833202203,7921.0,57.38,0.005194805194805195
2455,29.8,24.4,70.0,57.0,7.6,10.9,5.400000000000002,3990.0,3.9233038348082596,3249.0,42.81999999999999,0.10857142857142857
2456,32.8,24.8,75.0,49.0,8.5,9.1,7.9999999999999964,3675.0,3.610729023383769,2401.0,42.150000000000006,0.11333333333333333
2457,30.7,22.6,83.0,88.0,5.3,18.4,8.099999999999998,7304.0,7.172738878523029,7744.0,58.010000000000005,0.06385542168674699
2458,28.0,22.9,86.0,93.0,0.3,25.5,5.100000000000001,7998.0,7.859669811320755,8649.0,62.209999999999994,0.0034883720930232558
2459,26.1,21.4,77.0,73.0,7.9,52.8,4.700000000000003,5621.0,5.534659314690823,5329.0,50.330000000000005,0.1025974025974026
2460,27.1,22.4,82.0,44.0,7.4,16.2,4.700000000000003,3608.0,3.560292086046971,1936.0,43.78,0.0902439024390244
2461,27.6,25.4,93.0,88.0,1.1,25.0,2.200000000000003,8184.0,8.056704075605435,7744.0,63.27,0.011827956989247313
2462,28.5,23.2,86.0,67.0,6.8,18.4,5.300000000000001,5762.0,5.654563297350344,4489.0,52.46,0.07906976744186046
2463,24.2,19.9,85.0,54.0,0.3,46.3,4.300000000000001,4590.0,4.51016999115653,2916.0,50.11,0.003529411764705882
2464,27.4,19.4,87.0,83.0,1.6,43.1,8.0,7221.0,7.095411221381546,6889.0,59.220000000000006,0.01839080459770115
2465,27.6,21.0,89.0,88.0,1.2,40.4,6.600000000000001,7832.0,7.746785361028684,7744.0,61.64,0.01348314606741573
2466,29.7,23.6,78.0,46.0,1.6,9.9,6.099999999999998,3588.0,3.5514203701870732,2116.0,44.52,0.020512820512820513
2467,27.0,16.9,77.0,49.0,9.2,26.5,10.100000000000001,3773.0,3.702649656526006,2401.0,42.74,0.11948051948051946
2468,28.4,20.1,73.0,20.0,10.5,24.3,8.299999999999997,1460.0,1.4392744479495267,400.0,32.050000000000004,0.14383561643835616
2469,26.4,18.8,77.0,75.0,3.7,22.5,7.599999999999998,5775.0,5.675117924528302,5625.0,52.19,0.048051948051948054
2470,28.8,17.4,75.0,51.0,8.2,13.0,11.400000000000002,3825.0,3.7662465537613232,2601.0,42.839999999999996,0.10933333333333332
2471,27.8,19.9,76.0,46.0,10.3,9.5,7.900000000000002,3496.0,3.452498518664823,2116.0,41.11,0.1355263157894737
2472,24.3,17.1,79.0,87.0,0.6,13.9,7.199999999999999,6873.0,6.760106226025376,7569.0,57.52,0.007594936708860759
2473,29.1,20.6,83.0,58.0,8.8,14.8,8.5,4814.0,4.763035519936677,3364.0,47.96,0.10602409638554218
2474,30.5,19.9,70.0,43.0,9.5,12.8,10.600000000000001,3010.0,2.9693203117293083,1849.0,38.05,0.1357142857142857
2475,30.3,20.9,70.0,54.0,10.2,11.0,9.400000000000002,3780.0,3.710975849204791,2916.0,41.14,0.1457142857142857
2476,28.5,22.9,79.0,66.0,1.2,9.2,5.600000000000001,5214.0,5.132900177200236,4356.0,51.040000000000006,0.015189873417721518
2477,27.2,22.3,81.0,83.0,2.5,24.4,4.899999999999999,6723.0,6.611919748229741,6889.0,56.55,0.030864197530864196
2478,28.4,21.4,79.0,82.0,1.3,13.7,7.0,6478.0,6.389190255449256,6724.0,55.81,0.016455696202531647
2479,28.8,21.4,78.0,65.0,6.5,14.2,7.400000000000002,5070.0,5.027268220128905,4225.0,48.75,0.08333333333333333
2480,26.3,21.1,84.0,80.0,5.9,21.9,5.199999999999999,6720.0,6.619385342789598,6400.0,55.83,0.07023809523809524
2481,29.3,23.1,76.0,84.0,3.7,26.5,6.199999999999999,6384.0,6.32016632016632,7056.0,54.49,0.048684210526315795
2482,26.8,20.4,83.0,75.0,1.8,21.9,6.400000000000002,6225.0,6.108330880188402,5625.0,55.160000000000004,0.021686746987951807
2483,26.3,21.0,85.0,81.0,1.1,27.4,5.300000000000001,6885.0,6.768580416830515,6561.0,57.97,0.012941176470588237
2484,26.3,21.4,75.0,85.0,2.4,15.3,4.900000000000002,6375.0,6.283264340626848,7225.0,54.78,0.032
2485,26.6,21.6,81.0,88.0,0.3,24.8,5.0,7128.0,7.015748031496063,7744.0,58.709999999999994,0.0037037037037037034
2486,25.9,20.0,86.0,88.0,3.3,18.2,5.899999999999999,7568.0,7.432724415635435,7744.0,59.809999999999995,0.03837209302325581
2487,27.2,23.6,86.0,83.0,1.0,14.5,3.599999999999998,7138.0,7.015233415233415,6889.0,59.0,0.011627906976744186
2488,30.3,20.7,81.0,88.0,6.4,13.0,9.600000000000001,7128.0,7.00747149036571,7744.0,56.879999999999995,0.07901234567901234
2489,26.3,22.8,86.0,81.0,3.2,20.5,3.5,6966.0,6.870500049314528,6561.0,57.74,0.037209302325581395
2490,28.2,23.8,84.0,84.0,3.9,21.2,4.399999999999999,7056.0,6.954464813719692,7056.0,57.629999999999995,0.04642857142857143
2491,27.6,17.1,75.0,43.0,7.4,28.0,10.5,3225.0,3.179532682638273,1849.0,40.68,0.09866666666666667
2492,28.3,20.0,84.0,88.0,1.1,14.8,8.3,7392.0,7.264150943396226,7744.0,59.67,0.013095238095238096
2493,29.7,22.3,75.0,78.0,4.7,15.9,7.399999999999999,5850.0,5.760141788105553,6084.0,51.99,0.06266666666666666
2494,30.2,22.1,89.0,88.0,1.2,39.9,8.099999999999998,7832.0,7.72158138617766,7744.0,61.64,0.01348314606741573
2495,28.1,22.0,90.0,88.0,1.8,20.5,6.100000000000001,7920.0,7.801418439716311,7744.0,61.86,0.02
2496,28.2,23.2,85.0,86.0,1.2,15.1,5.0,7310.0,7.182157594812341,7396.0,59.44,0.014117647058823528
2497,28.4,22.1,82.0,61.0,8.6,25.1,6.299999999999997,5002.0,4.9150044217352855,3721.0,48.52000000000001,0.1048780487804878
2498,27.7,22.2,93.0,83.0,2.9,27.3,5.5,7719.0,7.585495283018868,6889.0,61.230000000000004,0.03118279569892473
2499,30.2,15.5,78.0,70.0,9.3,15.7,14.7,5460.0,5.3655660377358485,4900.0,49.410000000000004,0.11923076923076924
2500,23.4,16.0,77.0,69.0,6.3,14.5,7.399999999999999,5313.0,5.228816061411278,4761.0,49.61,0.08181818181818182
2501,23.4,18.2,82.0,87.0,0.6,29.7,5.199999999999999,7134.0,7.011991350501278,7569.0,58.720000000000006,0.007317073170731707
2502,22.4,13.9,70.0,49.0,9.5,23.4,8.499999999999998,3430.0,3.369020724879678,2401.0,39.85,0.1357142857142857
2503,21.2,16.4,87.0,81.0,0.0,15.3,4.800000000000001,7047.0,6.923076923076923,6561.0,59.10000000000001,0.0
2504,20.8,17.0,85.0,83.0,2.0,23.3,3.8000000000000007,7055.0,6.923454367026497,6889.0,58.3,0.023529411764705882
2505,22.4,15.6,79.0,79.0,3.9,13.7,6.799999999999999,6241.0,6.109642682329907,6241.0,54.129999999999995,0.049367088607594936
2506,25.2,20.6,89.0,89.0,1.1,20.5,4.599999999999998,7921.0,7.782471998427982,7921.0,61.97,0.012359550561797755
2507,20.4,15.6,85.0,89.0,0.7,15.3,4.799999999999999,7565.0,7.420304070622854,7921.0,60.49,0.008235294117647058
2508,24.8,19.9,86.0,89.0,1.1,20.9,4.900000000000002,7654.0,7.508338238179322,7921.0,60.769999999999996,0.012790697674418606
2509,19.3,9.4,78.0,46.0,8.6,19.6,9.9,3588.0,3.5145459888333823,2116.0,42.42,0.11025641025641025
2510,20.8,14.9,78.0,83.0,1.5,39.5,5.9,6474.0,6.333398552142437,6889.0,55.65,0.019230769230769232
2511,22.0,18.6,73.0,89.0,0.6,34.2,3.3999999999999986,6497.0,6.3789887088856165,7921.0,55.720000000000006,0.00821917808219178
2512,21.3,16.6,77.0,86.0,0.7,30.6,4.699999999999999,6622.0,6.493430084330261,7396.0,56.39,0.00909090909090909
2513,18.8,16.7,90.0,91.0,0.6,12.7,2.1000000000000014,8190.0,8.0443964247127,8281.0,63.12,0.006666666666666666
2514,26.4,20.0,84.0,88.0,0.1,22.0,6.399999999999999,7392.0,7.259157419228126,7744.0,59.97,0.0011904761904761906
2515,24.6,19.9,94.0,81.0,0.0,15.7,4.700000000000003,7614.0,7.487461893991543,6561.0,61.900000000000006,0.0
2516,21.3,16.8,78.0,88.0,0.0,38.0,4.5,6864.0,6.7327121137812656,7744.0,57.6,0.0
2517,23.2,16.8,75.0,88.0,0.0,38.3,6.399999999999999,6600.0,6.472491909385113,7744.0,56.4,0.0
2518,21.0,14.3,78.0,86.0,0.4,23.9,6.699999999999999,6708.0,6.573892591140729,7396.0,56.88,0.005128205128205128
2519,17.4,16.0,95.0,91.0,0.0,25.0,1.3999999999999986,8645.0,8.489639595404105,8281.0,65.3,0.0
2520,17.8,-0.0,74.0,88.0,0.3,24.4,17.8,6512.0,6.351931330472103,7744.0,55.91,0.004054054054054054
2521,18.7,2.3,78.0,88.0,3.5,29.0,16.4,6864.0,6.726773814190514,7744.0,56.550000000000004,0.04487179487179487
2522,17.3,11.3,49.0,89.0,0.0,28.8,6.0,4361.0,4.26628839757386,7921.0,46.3,0.0
2523,18.1,8.9,79.0,85.0,3.8,26.5,9.200000000000001,6715.0,6.562744331508991,7225.0,55.96,0.04810126582278481
2524,17.3,12.9,76.0,51.0,2.2,38.0,4.4,3876.0,3.7803569686920904,2601.0,45.040000000000006,0.028947368421052635
2525,17.6,15.0,91.0,88.0,0.0,39.5,2.6000000000000014,8008.0,7.8218402031646805,7744.0,62.8,0.0
2526,22.4,8.4,62.0,29.0,4.5,14.2,13.999999999999998,1798.0,1.755687921101455,841.0,32.15,0.07258064516129033
2527,19.2,12.9,93.0,95.0,0.0,26.8,6.299999999999999,8835.0,8.632988078952511,9025.0,65.7,0.0
2528,17.4,12.9,79.0,93.0,0.0,28.3,4.499999999999998,7347.0,7.2064737616478665,8649.0,59.5,0.0
2529,16.5,12.9,84.0,89.0,0.0,28.6,3.5999999999999996,7476.0,7.347420147420148,7921.0,60.3,0.0
2530,15.8,11.6,75.0,88.0,0.0,18.8,4.200000000000001,6600.0,6.468051744413955,7744.0,56.4,0.0
2531,15.3,14.6,92.0,95.0,0.0,28.0,0.7000000000000011,8740.0,8.547677261613693,9025.0,65.30000000000001,0.0
2532,18.9,14.9,79.0,83.0,1.1,22.2,3.9999999999999982,6557.0,6.391461156058095,6889.0,56.17,0.013924050632911394
2533,17.5,13.7,79.0,88.0,0.0,34.3,3.8000000000000007,6952.0,6.831089712095903,7744.0,58.0,0.0
2534,18.5,19.3,81.0,78.0,3.5,12.8,-0.8000000000000007,6318.0,6.194724973036572,6084.0,54.75,0.043209876543209874
2535,19.0,8.2,76.0,55.0,2.2,29.8,10.8,4180.0,4.084424467461403,3025.0,46.24000000000001,0.028947368421052635
2536,17.1,10.9,76.0,88.0,0.0,28.6,6.200000000000001,6688.0,6.549799236117912,7744.0,56.8,0.0
2537,17.7,16.1,89.0,91.0,0.0,37.5,1.5999999999999979,8099.0,7.964401612744616,8281.0,62.900000000000006,0.0
2538,16.3,11.7,79.0,88.0,0.0,24.4,4.600000000000001,6952.0,6.773187840997661,7744.0,58.0,0.0
2539,20.3,9.8,86.0,89.0,1.3,14.5,10.5,7654.0,7.518664047151277,7921.0,60.709999999999994,0.015116279069767442
2540,17.6,11.4,81.0,76.0,3.0,24.0,6.200000000000001,6156.0,6.054883446444379,5776.0,54.300000000000004,0.037037037037037035
2541,18.2,13.7,75.0,87.0,1.0,32.2,4.5,6525.0,6.40019617459539,7569.0,55.8,0.013333333333333334
2542,21.0,16.2,82.0,69.0,3.3,19.4,4.800000000000001,5658.0,5.5324141977119385,4761.0,52.51,0.04024390243902439
2543,18.7,13.3,78.0,83.0,0.3,23.5,5.399999999999999,6474.0,6.3062536528346005,6889.0,56.01,0.003846153846153846
2544,19.0,15.1,91.0,86.0,0.6,32.2,3.9000000000000004,7826.0,7.686867694725469,7396.0,62.02,0.006593406593406593
2545,21.0,17.3,93.0,88.0,0.0,14.7,3.6999999999999993,8184.0,8.035346097201767,7744.0,63.6,0.0
2546,21.6,18.0,91.0,88.0,0.0,19.8,3.6000000000000014,8008.0,7.858684985279686,7744.0,62.8,0.0
2547,21.6,19.9,86.0,88.0,0.0,31.2,1.7000000000000028,7568.0,7.448818897637795,7744.0,60.8,0.0
2548,19.2,16.3,93.0,85.0,0.0,20.0,2.8999999999999986,7905.0,7.709938554569395,7225.0,62.7,0.0
2549,16.7,14.5,97.0,97.0,0.0,26.8,2.1999999999999993,9409.0,9.225414256299638,9409.0,67.9,0.0
2550,19.2,15.2,90.0,54.0,7.3,14.1,4.0,4860.0,4.791009463722397,2916.0,50.010000000000005,0.0811111111111111
2551,21.7,18.0,86.0,70.0,6.2,24.4,3.6999999999999993,6020.0,5.945679012345679,4900.0,53.54,0.07209302325581396
2552,21.8,16.7,90.0,96.0,0.1,24.8,5.100000000000001,8640.0,8.487229862475441,9216.0,64.77,0.0011111111111111111
2553,17.2,16.9,97.0,97.0,0.0,29.2,0.3000000000000007,9409.0,9.241724781455652,9409.0,67.9,0.0
2554,21.3,19.9,94.0,88.0,0.0,43.1,1.4000000000000021,8272.0,8.156182212581344,7744.0,64.0,0.0
2555,21.1,16.9,90.0,91.0,0.0,43.8,4.200000000000003,8190.0,8.082502713905063,8281.0,63.3,0.0
2556,16.6,12.5,97.0,96.0,0.0,25.0,4.100000000000001,9312.0,9.142857142857142,9216.0,67.6,0.0
2557,23.2,17.1,78.0,76.0,8.3,52.8,6.099999999999998,5928.0,5.828908554572271,5776.0,51.51,0.10641025641025642
2558,13.5,11.8,91.0,100.0,0.0,35.1,1.6999999999999993,9100.0,8.947006194081212,10000.0,66.4,0.0
2559,19.4,13.6,97.0,96.0,0.0,59.5,5.799999999999999,9312.0,9.121363502791654,9216.0,67.6,0.0
2560,17.5,9.2,65.0,88.0,0.0,52.8,8.3,5720.0,5.60070498384412,7744.0,52.4,0.0
2561,14.3,6.2,64.0,87.0,0.0,22.0,8.100000000000001,5568.0,5.4353768059351815,7569.0,51.7,0.0
2562,14.4,8.0,77.0,88.0,0.0,33.2,6.4,6776.0,6.616541353383459,7744.0,57.2,0.0
2563,17.0,12.5,81.0,100.0,0.0,39.7,4.5,8100.0,7.96147041478278,10000.0,62.4,0.0
2564,17.2,16.0,90.0,100.0,0.0,33.4,1.1999999999999993,9000.0,8.858267716535433,10000.0,66.0,0.0
2565,15.1,10.0,77.0,94.0,0.0,26.1,5.1,7238.0,7.051831644583008,8836.0,59.0,0.0
2566,15.7,13.4,94.0,100.0,0.2,22.8,2.299999999999999,9400.0,9.288537549407115,10000.0,67.53999999999999,0.002127659574468085
2567,17.6,11.5,79.0,95.0,0.0,44.7,6.100000000000001,7505.0,7.374471848285349,9025.0,60.1,0.0
2568,15.6,11.5,83.0,93.0,0.0,23.4,4.1,7719.0,7.535878160695109,8649.0,61.1,0.0
2569,15.6,12.8,79.0,88.0,0.0,18.4,2.799999999999999,6952.0,6.789725559136635,7744.0,58.0,0.0
2570,13.2,2.4,75.0,20.0,8.4,39.3,10.799999999999999,1500.0,1.4747812407826173,400.0,33.48,0.112
2571,16.5,7.0,75.0,44.0,10.2,17.2,9.5,3300.0,3.2314923619271445,1936.0,40.14,0.13599999999999998
2572,14.3,10.0,77.0,93.0,0.0,15.3,4.300000000000001,7161.0,7.0054783799647815,8649.0,58.7,0.0
2573,19.3,3.1,48.0,22.0,9.8,26.2,16.2,1056.0,1.0346854791299236,484.0,22.860000000000003,0.2041666666666667
2574,15.1,3.3,39.0,0.0,10.2,24.8,11.8,0.0,0.0,0.0,12.540000000000003,0.2615384615384615
2575,16.3,12.8,98.0,100.0,0.0,15.1,3.5,9800.0,9.60878517501716,10000.0,69.2,0.0
2576,18.5,16.0,95.0,90.0,0.1,59.5,2.5,8550.0,8.402122641509434,8100.0,64.97,0.0010526315789473684
2577,21.1,17.0,98.0,97.0,0.0,24.4,4.100000000000001,9506.0,9.341588050314465,9409.0,68.3,0.0
2578,25.6,12.6,78.0,67.0,0.0,15.7,13.000000000000002,5226.0,5.12202293443105,4489.0,51.3,0.0
2579,23.1,20.0,93.0,88.0,0.0,33.5,3.1000000000000014,8184.0,8.07658146649561,7744.0,63.6,0.0
2580,25.9,19.9,90.0,83.0,3.6,19.3,6.0,7470.0,7.370498273310311,6889.0,59.82,0.04
2581,22.2,16.7,77.0,66.0,9.8,38.0,5.5,5082.0,5.005910165484633,4356.0,47.660000000000004,0.1272727272727273
2582,25.3,18.0,79.0,78.0,0.9,15.3,7.300000000000001,6162.0,6.043546488819144,6084.0,54.73,0.01139240506329114
2583,23.0,18.3,83.0,86.0,0.1,17.2,4.699999999999999,7138.0,7.034591504878289,7396.0,58.97,0.0012048192771084338
2584,24.9,19.5,79.0,71.0,2.2,19.0,5.399999999999999,5609.0,5.510364475881717,5041.0,52.24000000000001,0.027848101265822787
2585,21.5,19.8,92.0,88.0,0.0,22.1,1.6999999999999993,8096.0,7.970072848986021,7744.0,63.2,0.0
2586,20.5,18.0,92.0,95.0,0.0,14.2,2.5,8740.0,8.586305138029276,9025.0,65.30000000000001,0.0
2587,19.9,16.3,76.0,64.0,10.1,15.4,3.599999999999998,4864.0,4.785988389255142,4096.0,46.57,0.13289473684210526
2588,24.3,16.5,79.0,93.0,0.1,35.3,7.800000000000001,7347.0,7.224899203461501,8649.0,59.47,0.0012658227848101266
2589,23.4,15.7,83.0,61.0,6.5,14.1,7.699999999999999,5063.0,5.0004938271604935,3721.0,49.55,0.0783132530120482
2590,23.3,20.4,91.0,79.0,0.0,11.7,2.900000000000002,7189.0,7.088345493985407,6241.0,60.099999999999994,0.0
2591,19.5,14.5,91.0,92.0,0.0,14.6,5.0,8372.0,8.177378394217621,8464.0,64.0,0.0
2592,23.4,20.9,89.0,81.0,1.0,9.2,2.5,7209.0,7.12,6561.0,59.60000000000001,0.011235955056179775
2593,20.9,11.5,91.0,80.0,2.0,11.8,9.399999999999999,7280.0,7.144259077526987,6400.0,59.8,0.02197802197802198
2594,24.2,20.9,92.0,95.0,0.0,23.9,3.3000000000000007,8740.0,8.547677261613693,9025.0,65.30000000000001,0.0
2595,16.2,14.8,90.0,94.0,0.0,44.7,1.3999999999999986,8460.0,8.294930875576037,8836.0,64.2,0.0
2596,17.2,7.6,76.0,83.0,1.2,25.2,9.6,6308.0,6.158352045299229,6889.0,54.94,0.015789473684210527
2597,21.1,15.6,65.0,60.0,9.5,9.2,5.500000000000002,3900.0,3.822779847088806,3600.0,41.15,0.14615384615384616
2598,17.5,13.3,85.0,93.0,0.0,29.2,4.199999999999999,7905.0,7.750759878419453,8649.0,61.9,0.0
2599,23.9,15.0,77.0,49.0,8.1,8.7,8.899999999999999,3773.0,3.6896147076080577,2401.0,43.07,0.10519480519480519
2600,19.9,13.3,81.0,88.0,0.1,33.2,6.599999999999998,7128.0,6.986180535136725,7744.0,58.769999999999996,0.0012345679012345679
2601,20.3,18.5,90.0,89.0,1.2,40.8,1.8000000000000007,8010.0,7.903305377405032,7921.0,62.34,0.013333333333333332
2602,19.8,10.0,75.0,89.0,0.1,20.8,9.8,6675.0,6.5828402366863905,7921.0,56.67,0.0013333333333333335
2603,18.9,12.6,76.0,69.0,10.5,15.9,6.299999999999999,5244.0,5.176191886289606,4761.0,47.95,0.13815789473684212
2604,15.8,11.0,79.0,91.0,0.0,19.6,4.800000000000001,7189.0,7.028057483624988,8281.0,58.900000000000006,0.0
2605,17.4,15.6,95.0,100.0,0.0,25.1,1.799999999999999,9500.0,9.316465627145238,10000.0,68.0,0.0
2606,16.3,15.3,79.0,100.0,2.4,14.5,1.0,7900.0,7.714090420857339,10000.0,60.88,0.030379746835443037
2607,18.1,16.8,95.0,100.0,0.0,24.9,1.3000000000000007,9500.0,9.316465627145238,10000.0,68.0,0.0
2608,23.8,18.9,86.0,82.0,2.1,18.6,4.900000000000002,7052.0,6.925267602867525,6724.0,58.37,0.02441860465116279
2609,20.3,16.8,85.0,90.0,0.0,35.1,3.5,7650.0,7.521384327991348,8100.0,61.0,0.0
2610,21.4,19.5,97.0,95.0,0.0,25.1,1.8999999999999986,9215.0,9.101234567901235,9025.0,67.30000000000001,0.0
2611,25.8,19.4,88.0,69.0,6.6,14.6,6.400000000000002,6072.0,5.997629395495852,4761.0,53.92000000000001,0.075
2612,23.9,17.3,90.0,83.0,3.7,9.0,6.599999999999998,7470.0,7.344410579097434,6889.0,59.79,0.04111111111111111
2613,24.0,17.1,80.0,70.0,9.9,12.6,6.899999999999999,5600.0,5.531956929763904,4900.0,50.03,0.12375
2614,25.3,19.8,90.0,81.0,1.6,13.8,5.5,7290.0,7.203557312252965,6561.0,59.82,0.017777777777777778
2615,21.1,20.9,97.0,88.0,0.0,16.0,0.20000000000000284,8536.0,8.430617283950617,7744.0,65.2,0.0
2616,23.7,18.6,94.0,88.0,0.0,20.7,5.099999999999998,8272.0,8.169876543209876,7744.0,64.0,0.0
2617,21.0,16.9,98.0,98.0,0.0,26.1,4.100000000000001,9604.0,9.427701973102973,9604.0,68.6,0.0
2618,19.8,16.8,98.0,97.0,0.7,29.0,3.0,9506.0,9.35722019883847,9409.0,68.09,0.007142857142857143
2619,23.0,18.4,86.0,88.0,0.0,33.4,4.600000000000001,7568.0,7.454688731284476,7744.0,60.8,0.0
2620,23.1,19.5,86.0,83.0,1.3,16.0,3.6000000000000014,7138.0,7.017302398741643,6889.0,58.91,0.015116279069767442
2621,17.1,14.4,78.0,88.0,0.2,18.0,2.700000000000001,6864.0,6.730071575644671,7744.0,57.54,0.002564102564102564
2622,23.1,19.6,92.0,95.0,0.0,13.9,3.5,8740.0,8.595594020456334,9025.0,65.30000000000001,0.0
2623,17.3,16.9,95.0,95.0,0.0,40.0,0.40000000000000213,9025.0,8.891625615763546,9025.0,66.5,0.0
2624,15.3,11.6,90.0,100.0,0.0,20.7,3.700000000000001,9000.0,8.85478158205431,10000.0,66.0,0.0
2625,16.2,14.3,96.0,91.0,0.0,17.5,1.8999999999999986,8736.0,8.565545641729582,8281.0,65.7,0.0
2626,25.3,17.1,79.0,73.0,7.2,13.3,8.2,5767.0,5.668370355808925,5329.0,51.34,0.09113924050632911
2627,25.1,16.6,72.0,57.0,9.8,8.9,8.5,4104.0,4.051332675222112,3249.0,42.96,0.13611111111111113
2628,24.2,20.8,95.0,83.0,3.7,28.3,3.3999999999999986,7885.0,7.791501976284585,6889.0,61.79,0.03894736842105263
2629,25.9,17.5,76.0,82.0,6.1,23.9,8.399999999999999,6232.0,6.135669981293689,6724.0,53.17,0.08026315789473684
2630,22.4,19.3,87.0,84.0,1.5,17.5,3.099999999999998,7308.0,7.2092335010358095,7056.0,59.55,0.017241379310344827
2631,23.2,22.2,92.0,88.0,0.4,4.5,1.0,8096.0,7.983433586431318,7744.0,63.080000000000005,0.004347826086956522
2632,26.6,21.2,91.0,78.0,8.2,19.8,5.400000000000002,7098.0,7.004835685384388,6084.0,57.339999999999996,0.09010989010989011
2633,27.5,22.4,91.0,88.0,0.5,6.1,5.100000000000001,8008.0,7.913043478260869,7744.0,62.65,0.005494505494505495
2634,21.6,16.6,77.0,68.0,4.5,16.9,5.0,5236.0,5.182619024052262,4624.0,49.85,0.05844155844155844
2635,21.5,16.3,95.0,95.0,0.0,30.6,5.199999999999999,9025.0,8.9241570256106,9025.0,66.5,0.0
2636,19.2,12.9,97.0,90.0,0.0,22.5,6.299999999999999,8730.0,8.64099772344848,8100.0,65.80000000000001,0.0
2637,25.6,19.6,87.0,90.0,0.2,11.7,6.0,7830.0,7.744807121661721,8100.0,61.74,0.0022988505747126436
2638,20.3,13.1,75.0,88.0,0.3,24.3,7.200000000000001,6600.0,6.541778174249182,7744.0,56.309999999999995,0.004
2639,24.3,21.1,76.0,66.0,6.2,31.2,3.1999999999999993,5016.0,4.954563413670486,4356.0,48.34,0.08157894736842106
2640,25.9,21.6,97.0,88.0,0.3,13.3,4.299999999999997,8536.0,8.471615720524017,7744.0,65.11,0.003092783505154639
2641,26.2,23.9,82.0,89.0,0.1,15.5,2.3000000000000007,7298.0,7.239361174486658,7921.0,59.47,0.0012195121951219512
2642,28.1,21.6,86.0,88.0,0.2,12.5,6.5,7568.0,7.507191746850511,7744.0,60.739999999999995,0.002325581395348837
2643,26.5,21.0,92.0,81.0,1.1,29.8,5.5,7452.0,7.341871921182266,6561.0,60.77000000000001,0.011956521739130435
2644,25.9,22.3,90.0,85.0,1.6,12.0,3.599999999999998,7650.0,7.563772987937512,7225.0,61.02,0.017777777777777778
2645,26.2,24.1,91.0,88.0,3.9,11.3,2.099999999999998,8008.0,7.908354730396997,7744.0,61.629999999999995,0.04285714285714286
2646,28.1,20.9,87.0,89.0,2.7,8.6,7.200000000000003,7743.0,7.61282076491987,7921.0,60.69,0.031034482758620693
2647,26.6,21.9,95.0,89.0,0.5,15.3,4.700000000000003,8455.0,8.344024474489293,7921.0,64.55,0.005263157894736842
2648,28.2,24.0,94.0,85.0,0.6,17.2,4.199999999999999,7990.0,7.917946685164998,7225.0,62.92,0.006382978723404255
2649,25.2,22.6,88.0,88.0,1.7,26.0,2.599999999999998,7744.0,7.630308404768943,7744.0,61.09,0.019318181818181818
2650,27.5,22.8,98.0,87.0,1.5,28.3,4.699999999999999,8526.0,8.434068651696508,7569.0,64.85,0.015306122448979591
2651,28.6,21.3,95.0,81.0,2.1,9.5,7.300000000000001,7695.0,7.5723282818342845,6561.0,61.669999999999995,0.02210526315789474
2652,28.4,20.9,85.0,83.0,0.2,10.2,7.5,7055.0,6.9913784560499455,6889.0,58.839999999999996,0.0023529411764705885
2653,27.7,24.0,89.0,77.0,5.7,15.2,3.6999999999999993,6853.0,6.7690636112208615,5929.0,56.99,0.06404494382022471
2654,27.8,24.1,82.0,88.0,3.2,19.8,3.6999999999999993,7216.0,7.112863479546575,7744.0,58.24,0.03902439024390244
2655,28.2,21.6,76.0,88.0,1.5,12.8,6.599999999999998,6688.0,6.620471193823005,7744.0,56.349999999999994,0.019736842105263157
2656,29.7,23.3,94.0,82.0,2.1,11.3,6.399999999999999,7708.0,7.589602205592753,6724.0,61.57,0.022340425531914895
2657,26.3,24.1,78.0,88.0,0.1,30.2,2.1999999999999993,6864.0,6.773907036415672,7744.0,57.57,0.001282051282051282
2658,29.1,24.4,89.0,83.0,3.5,26.3,4.700000000000003,7387.0,7.294361607583687,6889.0,59.45,0.03932584269662921
2659,28.2,25.1,89.0,88.0,1.8,17.2,3.099999999999998,7832.0,7.768299940487998,7744.0,61.46,0.020224719101123598
2660,30.0,25.0,80.0,84.0,3.5,12.6,5.0,6720.0,6.6593994648696855,7056.0,56.150000000000006,0.04375
2661,30.5,25.2,89.0,85.0,0.3,12.6,5.300000000000001,7565.0,7.501983339944466,7225.0,61.01,0.0033707865168539327
2662,30.3,24.7,91.0,88.0,0.5,11.7,5.600000000000001,8008.0,7.878787878787879,7744.0,62.65,0.005494505494505495
2663,27.5,23.4,82.0,82.0,3.2,24.9,4.100000000000001,6724.0,6.644268774703558,6724.0,56.440000000000005,0.03902439024390244
2664,27.5,22.3,78.0,86.0,5.1,24.2,5.199999999999999,6708.0,6.619301361752516,7396.0,55.47,0.06538461538461537
2665,28.6,24.8,75.0,85.0,3.7,13.1,3.8000000000000007,6375.0,6.291946308724832,7225.0,54.39,0.04933333333333333
2666,29.2,22.4,83.0,90.0,2.9,24.4,6.800000000000001,7470.0,7.374136229022705,8100.0,59.330000000000005,0.034939759036144574
2667,29.2,25.3,75.0,83.0,2.2,28.8,3.8999999999999986,6225.0,6.142687981053879,6889.0,54.24,0.029333333333333336
2668,26.6,22.1,85.0,84.0,2.4,27.0,4.5,7140.0,7.059521455408345,7056.0,58.480000000000004,0.028235294117647056
2669,28.4,24.0,90.0,79.0,1.8,16.4,4.399999999999999,7110.0,7.050074367873079,6241.0,59.160000000000004,0.02
2670,30.6,24.2,87.0,88.0,1.5,14.5,6.400000000000002,7656.0,7.554766133806987,7744.0,60.75,0.017241379310344827
2671,30.1,25.0,86.0,88.0,2.6,39.3,5.100000000000001,7568.0,7.463510848126233,7744.0,60.019999999999996,0.030232558139534883
2672,25.9,19.5,91.0,82.0,0.4,28.3,6.399999999999999,7462.0,7.3881188118811885,6724.0,60.88,0.004395604395604396
2673,27.5,22.0,82.0,85.0,2.2,38.0,5.5,6970.0,6.885990910887176,7225.0,57.64000000000001,0.02682926829268293
2674,31.2,24.7,85.0,84.0,1.8,9.8,6.5,7140.0,7.084739035522921,7056.0,58.660000000000004,0.021176470588235293
2675,27.9,22.2,76.0,69.0,3.8,33.5,5.699999999999999,5244.0,5.181818181818182,4761.0,49.96,0.049999999999999996
2676,29.1,22.3,80.0,86.0,3.8,38.3,6.800000000000001,6880.0,6.795732911892533,7396.0,56.66,0.0475
2677,29.2,24.8,87.0,82.0,2.2,24.4,4.399999999999999,7134.0,7.086520313896891,6724.0,58.74000000000001,0.025287356321839084
2678,30.6,25.3,87.0,84.0,0.6,20.0,5.300000000000001,7308.0,7.2521583804703775,7056.0,59.82,0.006896551724137931
2679,29.1,22.5,79.0,70.0,8.3,13.8,6.600000000000001,5530.0,5.473621696525784,4900.0,50.11,0.10506329113924051
2680,29.1,21.6,81.0,70.0,6.8,25.1,7.5,5670.0,5.6,4900.0,51.36,0.08395061728395062
2681,29.1,25.4,93.0,84.0,1.6,33.4,3.700000000000003,7812.0,7.710225029609159,7056.0,61.92000000000001,0.017204301075268817
2682,29.1,25.6,93.0,88.0,0.8,16.3,3.5,8184.0,8.120658860885097,7744.0,63.36,0.008602150537634409
2683,30.6,25.3,82.0,80.0,3.7,17.2,5.300000000000001,6560.0,6.502131033799188,6400.0,55.690000000000005,0.0451219512195122
2684,31.6,25.2,85.0,89.0,1.3,27.1,6.400000000000002,7565.0,7.496036464526357,7921.0,60.31,0.015294117647058824
2685,31.0,26.0,81.0,79.0,4.3,33.5,5.0,6399.0,6.343180015860429,6241.0,54.809999999999995,0.053086419753086415
2686,31.2,24.6,79.0,85.0,1.6,20.7,6.599999999999998,6715.0,6.653125928861588,7225.0,56.620000000000005,0.020253164556962026
2687,32.2,26.3,82.0,84.0,2.2,18.1,5.900000000000002,6888.0,6.818451791724411,7056.0,57.34,0.02682926829268293
2688,31.4,26.1,82.0,84.0,1.8,25.0,5.299999999999997,6888.0,6.84215754445217,7056.0,57.46,0.021951219512195124
2689,33.2,26.0,87.0,83.0,2.0,22.8,7.200000000000003,7221.0,7.158009516256939,6889.0,59.1,0.022988505747126436
2690,33.2,25.2,84.0,77.0,1.6,35.3,8.000000000000004,6468.0,6.430062630480167,5929.0,56.220000000000006,0.01904761904761905
2691,33.0,25.1,81.0,78.0,7.8,26.2,7.899999999999999,6318.0,6.267235393314155,6084.0,53.459999999999994,0.0962962962962963
2692,30.7,25.4,84.0,88.0,2.1,16.5,5.300000000000001,7392.0,7.329697570649479,7744.0,59.37,0.025
2693,30.0,25.5,83.0,78.0,2.2,13.0,4.5,6474.0,6.421981946235492,6084.0,55.940000000000005,0.026506024096385545
2694,32.9,25.4,82.0,69.0,3.0,39.5,7.5,5658.0,5.613095238095238,4761.0,52.6,0.036585365853658534
2695,31.0,25.0,84.0,87.0,1.2,55.5,6.0,7308.0,7.24856179329498,7569.0,59.34,0.014285714285714285
2696,29.7,25.3,85.0,93.0,0.1,32.4,4.399999999999999,7905.0,7.846153846153846,8649.0,61.87,0.0011764705882352942
2697,31.0,25.8,79.0,82.0,7.6,44.7,5.199999999999999,6478.0,6.427224923107452,6724.0,53.92,0.09620253164556962
2698,33.4,25.4,76.0,39.0,11.0,30.0,8.0,2964.0,2.9369797859690845,1521.0,38.800000000000004,0.14473684210526316
2699,30.1,20.6,78.0,38.0,8.8,20.8,9.5,2964.0,2.951603266281617,1444.0,39.96,0.11282051282051284
2700,33.0,24.3,74.0,19.0,10.1,12.1,8.7,1406.0,1.397197654774918,361.0,32.27,0.13648648648648648
2701,31.0,25.1,79.0,77.0,1.1,30.6,5.899999999999999,6083.0,6.055749128919861,5929.0,54.370000000000005,0.013924050632911394
2702,29.4,24.8,74.0,69.0,3.9,39.7,4.599999999999998,5106.0,5.076555975343011,4761.0,49.129999999999995,0.0527027027027027
2703,27.8,25.3,93.0,88.0,0.0,18.0,2.5,8184.0,8.129532134697525,7744.0,63.6,0.0
2704,34.0,24.2,70.0,48.0,9.3,52.8,9.8,3360.0,3.339628267567836,2304.0,39.61,0.13285714285714287
2705,34.4,24.8,72.0,22.0,11.1,25.2,9.599999999999998,1584.0,1.5708052360174534,484.0,32.07,0.15416666666666667
2706,33.1,25.9,81.0,87.0,1.6,35.3,7.200000000000003,7047.0,6.993846764589122,7569.0,58.02,0.019753086419753086
2707,32.9,22.0,65.0,75.0,8.2,17.2,10.899999999999999,4875.0,4.83726929946418,5625.0,46.04,0.12615384615384614
2708,33.7,25.0,89.0,83.0,3.9,11.7,8.700000000000003,7387.0,7.3240134840372795,6889.0,59.33,0.043820224719101124
2709,33.9,25.8,74.0,30.0,10.8,15.8,8.099999999999998,2220.0,2.199108469539376,900.0,35.36,0.14594594594594595
2710,32.7,25.2,78.0,32.0,10.8,7.9,7.5000000000000036,2496.0,2.4749628160634605,1024.0,37.56,0.13846153846153847
2711,34.2,26.1,73.0,46.0,10.0,10.7,8.100000000000001,3358.0,3.3277177683083936,2116.0,40.0,0.136986301369863
2712,34.4,26.1,84.0,46.0,7.8,12.4,8.299999999999997,3864.0,3.8352357320099255,2116.0,45.06,0.09285714285714286
2713,33.3,25.3,81.0,77.0,6.5,10.2,7.9999999999999964,6237.0,6.188113900188511,5929.0,53.55,0.08024691358024691
2714,34.0,25.5,81.0,88.0,9.3,17.3,8.5,7128.0,7.068623562078541,7744.0,56.01,0.11481481481481483
2715,30.6,24.8,86.0,88.0,1.5,12.5,5.800000000000001,7568.0,7.536347341167098,7744.0,60.349999999999994,0.01744186046511628
2716,32.8,24.7,78.0,38.0,11.1,20.2,8.099999999999998,2964.0,2.9419354838709677,1444.0,39.27,0.1423076923076923
2717,31.0,26.3,87.0,79.0,3.9,16.5,4.699999999999999,6873.0,6.811019720543058,6241.0,57.33,0.04482758620689655
2718,33.2,25.9,78.0,39.0,10.4,11.0,7.300000000000004,3042.0,3.0163609320773426,1521.0,39.78000000000001,0.13333333333333333
2719,33.0,25.0,79.0,78.0,5.9,15.7,8.0,6162.0,6.112488840392818,6084.0,53.23,0.07468354430379748
2720,33.1,25.3,72.0,40.0,10.2,20.5,7.800000000000001,2880.0,2.859412231930103,1600.0,37.739999999999995,0.14166666666666666
2721,33.4,24.9,89.0,88.0,1.0,28.3,8.5,7832.0,7.758296186230807,7744.0,61.7,0.011235955056179775
2722,34.5,25.0,73.0,70.0,11.0,26.2,9.5,5110.0,5.068941573256621,4900.0,46.900000000000006,0.1506849315068493
2723,33.7,25.3,82.0,88.0,0.6,21.3,8.400000000000002,7216.0,7.2001596487727,7744.0,59.02,0.007317073170731707
2724,33.1,25.0,73.0,41.0,10.8,11.3,8.100000000000001,2993.0,2.993,1681.0,38.26,0.14794520547945206
2725,31.7,25.6,84.0,88.0,3.5,24.4,6.099999999999998,7392.0,7.327517842981761,7744.0,58.95,0.041666666666666664
2726,33.0,25.3,75.0,55.0,11.3,9.9,7.699999999999999,4125.0,4.091855966669973,3025.0,43.11,0.15066666666666667
2727,31.0,24.8,90.0,60.0,8.5,11.0,6.199999999999999,5400.0,5.381165919282512,3600.0,51.45,0.09444444444444444
2728,32.2,26.3,87.0,69.0,7.4,23.7,5.900000000000002,6003.0,5.966603717324322,4761.0,53.28,0.08505747126436781
2729,33.0,26.2,79.0,66.0,6.6,14.2,6.800000000000001,5214.0,5.170054536440258,4356.0,49.42000000000001,0.08354430379746836
2730,33.0,25.9,75.0,59.0,10.4,25.0,7.100000000000001,4425.0,4.382055852644088,3481.0,44.580000000000005,0.13866666666666666
2731,31.2,26.1,87.0,81.0,3.2,14.5,5.099999999999998,7047.0,6.9806835066864785,6561.0,58.14000000000001,0.0367816091954023
2732,33.9,25.9,84.0,80.0,7.2,14.8,8.0,6720.0,6.660719595599168,6400.0,55.44,0.08571428571428572
2733,33.0,26.6,79.0,77.0,6.6,24.0,6.399999999999999,6083.0,6.035919825362176,5929.0,52.720000000000006,0.08354430379746836
2734,31.0,25.1,89.0,89.0,1.1,30.2,5.899999999999999,7921.0,7.857355421089178,7921.0,61.97,0.012359550561797755
2735,31.2,25.1,77.0,78.0,7.7,25.2,6.099999999999998,6006.0,6.0,6084.0,51.89,0.1
2736,31.3,25.4,82.0,85.0,1.5,30.5,5.900000000000002,6970.0,6.897575457694211,7225.0,57.85,0.018292682926829267
2737,33.0,25.3,74.0,29.0,10.2,14.0,7.699999999999999,2146.0,2.1338371283683006,841.0,35.239999999999995,0.13783783783783782
2738,32.3,26.4,81.0,88.0,8.8,16.5,5.899999999999999,7128.0,7.070727110405714,7744.0,56.16,0.10864197530864199
2739,32.2,25.5,72.0,40.0,6.3,23.9,6.700000000000003,2880.0,2.867383512544803,1600.0,38.91,0.0875
2740,33.7,25.8,76.0,49.0,9.1,11.1,7.900000000000002,3724.0,3.6838460777524977,2401.0,42.370000000000005,0.11973684210526316
2741,31.3,25.1,84.0,57.0,9.0,14.3,6.199999999999999,4788.0,4.7429420505200595,3249.0,48.0,0.10714285714285714
2742,31.0,25.6,77.0,49.0,10.7,14.1,5.399999999999999,3773.0,3.7437983726929946,2401.0,42.29,0.13896103896103895
2743,31.5,25.0,76.0,79.0,5.6,9.4,6.5,6004.0,5.951035781544256,6241.0,52.42,0.07368421052631578
2744,32.6,26.1,87.0,74.0,5.3,22.8,6.5,6438.0,6.390074441687345,5476.0,55.41,0.06091954022988506
2745,33.2,25.8,74.0,32.0,9.2,19.6,7.400000000000002,2368.0,2.3489733161392716,1024.0,36.440000000000005,0.12432432432432432
2746,33.3,25.5,73.0,57.0,10.3,15.1,7.799999999999997,4161.0,4.12756670965182,3249.0,43.209999999999994,0.1410958904109589
2747,32.2,24.8,75.0,58.0,6.8,22.4,7.400000000000002,4350.0,4.313336638572137,3364.0,45.36,0.09066666666666666
2748,33.7,25.8,81.0,67.0,9.1,12.8,7.900000000000002,5427.0,5.3828605435429475,4489.0,49.77,0.11234567901234567
2749,33.3,24.8,72.0,29.0,11.4,6.9,8.499999999999996,2088.0,2.064465097884121,841.0,34.08,0.15833333333333333
2750,34.4,24.9,74.0,32.0,11.8,12.8,9.5,2368.0,2.348740329299742,1024.0,35.660000000000004,0.15945945945945947
2751,32.3,24.8,75.0,38.0,10.8,8.0,7.4999999999999964,2850.0,2.8262594208647362,1444.0,38.16,0.14400000000000002
2752,34.4,24.9,74.0,48.0,10.0,13.7,9.5,3552.0,3.533273649656819,2304.0,41.0,0.13513513513513514
2753,32.2,24.3,72.0,40.0,10.6,23.7,7.900000000000002,2880.0,2.858560794044665,1600.0,37.62,0.14722222222222223
2754,35.0,25.0,75.0,43.0,9.2,22.2,10.0,3225.0,3.199087392123797,1849.0,40.14,0.12266666666666666
2755,35.7,24.8,75.0,66.0,6.9,19.8,10.900000000000002,4950.0,4.894206051018391,4356.0,47.73,0.092
2756,35.8,26.0,75.0,61.0,6.4,4.5,9.799999999999997,4575.0,4.55178589195105,3721.0,46.379999999999995,0.08533333333333334
2757,31.7,24.3,73.0,40.0,10.8,20.2,7.399999999999999,2920.0,2.8876582278481013,1600.0,37.96,0.14794520547945206
2758,31.7,24.2,81.0,83.0,5.5,26.2,7.5,6723.0,6.666997223324078,6889.0,55.65,0.06790123456790123
2759,33.0,25.8,71.0,54.0,10.6,25.0,7.199999999999999,3834.0,3.834,2916.0,41.42,0.14929577464788732
2760,30.8,24.8,77.0,72.0,10.2,11.1,6.0,5544.0,5.480427046263345,5184.0,49.339999999999996,0.13246753246753246
2761,31.8,24.3,65.0,50.0,7.7,12.6,7.5,3250.0,3.2162295893122215,2500.0,38.69,0.11846153846153847
2762,31.7,24.0,84.0,81.0,6.0,15.8,7.699999999999999,6804.0,6.762075134168157,6561.0,56.10000000000001,0.07142857142857142
2763,33.0,25.4,73.0,29.0,11.4,26.2,7.600000000000001,2117.0,2.1001984126984126,841.0,34.480000000000004,0.15616438356164383
2764,31.0,25.0,75.0,43.0,10.0,13.7,6.0,3225.0,3.1978185423896877,1849.0,39.9,0.13333333333333333
2765,30.7,24.3,89.0,80.0,6.6,19.4,6.399999999999999,7120.0,7.078238393478477,6400.0,57.620000000000005,0.0741573033707865
2766,31.1,24.7,87.0,86.0,4.3,12.4,6.400000000000002,7482.0,7.443294866693195,7396.0,59.31000000000001,0.04942528735632184
2767,34.0,24.7,75.0,58.0,9.5,11.0,9.3,4350.0,4.315048110306517,3364.0,44.55,0.12666666666666668
2768,31.2,25.9,74.0,32.0,8.3,10.9,5.300000000000001,2368.0,2.345948087973053,1024.0,36.71,0.11216216216216217
2769,29.1,25.1,87.0,88.0,0.1,19.6,4.0,7656.0,7.59448467413947,7744.0,61.17,0.0011494252873563218
2770,30.9,25.3,86.0,81.0,6.8,23.3,5.599999999999998,6966.0,6.925830184927421,6561.0,56.660000000000004,0.07906976744186046
2771,32.4,23.2,84.0,88.0,1.8,9.4,9.2,7392.0,7.329697570649479,7744.0,59.46,0.02142857142857143
2772,29.3,24.8,84.0,66.0,6.3,16.0,4.5,5544.0,5.508196721311475,4356.0,51.510000000000005,0.075
2773,31.2,24.3,74.0,32.0,10.2,9.2,6.899999999999999,2368.0,2.350838876203713,1024.0,36.14,0.13783783783783782
2774,33.4,24.3,78.0,57.0,9.2,15.7,9.099999999999998,4446.0,4.419922457500745,3249.0,45.54,0.11794871794871795
2775,32.2,25.3,89.0,88.0,2.1,14.8,6.900000000000002,7832.0,7.768299940487998,7744.0,61.37,0.02359550561797753
2776,28.4,24.6,83.0,53.0,10.2,14.1,3.799999999999997,4399.0,4.362356207854027,2809.0,46.04,0.12289156626506023
2777,32.8,26.1,81.0,86.0,1.2,17.2,6.699999999999996,6966.0,6.916890080428955,7396.0,57.84,0.014814814814814814
2778,32.2,25.0,81.0,72.0,7.0,12.6,7.200000000000003,5832.0,5.832,5184.0,51.9,0.08641975308641975
2779,28.2,24.7,89.0,84.0,1.0,12.9,3.5,7476.0,7.412989588497769,7056.0,60.5,0.011235955056179775
2780,27.9,25.4,90.0,86.0,1.8,19.8,2.5,7740.0,7.6520019772614924,7396.0,61.26,0.02
2781,30.8,23.3,85.0,70.0,6.5,10.0,7.5,5950.0,5.882934546173621,4900.0,53.05,0.07647058823529412
2782,28.9,25.5,93.0,87.0,0.6,20.5,3.3999999999999986,8091.0,8.077268643306379,7569.0,63.12,0.0064516129032258064
2783,30.9,24.4,81.0,60.0,8.1,23.9,6.5,4860.0,4.81903817550818,3600.0,47.97,0.09999999999999999
2784,28.2,25.4,90.0,86.0,0.6,24.9,2.8000000000000007,7740.0,7.646710136336692,7396.0,61.62,0.006666666666666666
2785,28.9,25.4,87.0,85.0,2.2,27.6,3.5,7395.0,7.3130933544303796,7225.0,59.64000000000001,0.025287356321839084
2786,28.6,23.1,81.0,88.0,1.5,7.3,5.5,7128.0,7.043478260869565,7744.0,58.349999999999994,0.018518518518518517
2787,28.4,23.2,87.0,82.0,2.5,22.0,5.199999999999999,7134.0,7.043838862559242,6724.0,58.650000000000006,0.028735632183908046
2788,31.0,24.3,79.0,79.0,1.4,27.3,6.699999999999999,6241.0,6.176761678543151,6241.0,54.879999999999995,0.01772151898734177
2789,32.9,25.8,82.0,79.0,6.4,11.3,7.099999999999998,6478.0,6.421490880253767,6241.0,54.58,0.07804878048780488
2790,30.7,24.8,93.0,85.0,1.4,39.9,5.899999999999999,7905.0,7.833713209790902,7225.0,62.28,0.015053763440860214
2791,28.2,22.4,72.0,66.0,7.2,29.3,5.800000000000001,4752.0,4.696116217017492,4356.0,46.44,0.1
2792,32.9,25.0,82.0,88.0,2.0,29.8,7.899999999999999,7216.0,7.123395853899309,7744.0,58.6,0.024390243902439025
2793,31.6,25.1,93.0,88.0,0.5,39.5,6.5,8184.0,8.115827052756842,7744.0,63.45,0.005376344086021506
2794,32.0,25.6,74.0,56.0,7.7,6.1,6.399999999999999,4144.0,4.087188085610021,3136.0,44.09,0.10405405405405406
2795,30.8,25.3,90.0,51.0,8.3,14.5,5.5,4590.0,4.529754268232508,2601.0,48.809999999999995,0.09222222222222223
2796,31.5,25.5,84.0,50.0,5.6,30.3,6.0,4200.0,4.153891801008802,2500.0,46.92,0.06666666666666667
2797,28.6,25.4,91.0,88.0,0.6,30.0,3.200000000000003,8008.0,7.929497970096049,7744.0,62.62,0.006593406593406593
2798,31.0,25.6,79.0,51.0,3.1,39.3,5.399999999999999,4029.0,3.975333004440059,2601.0,45.97,0.039240506329113925
2799,29.7,25.3,81.0,88.0,1.4,37.0,4.399999999999999,7128.0,7.067922657411998,7744.0,58.379999999999995,0.01728395061728395
2800,31.4,25.8,81.0,67.0,2.4,24.4,5.599999999999998,5427.0,5.361588618850029,4489.0,51.78,0.029629629629629627
2801,30.3,22.3,77.0,56.0,7.3,12.8,8.0,4312.0,4.266772214526024,3136.0,45.410000000000004,0.09480519480519481
2802,31.0,25.4,81.0,83.0,3.1,37.7,5.600000000000001,6723.0,6.65709476185761,6889.0,56.37,0.03827160493827161
2803,31.2,26.0,81.0,80.0,5.6,39.5,5.199999999999999,6480.0,6.425384234010907,6400.0,54.72,0.0691358024691358
2804,32.1,25.3,84.0,88.0,3.3,20.9,6.800000000000001,7392.0,7.343532684283727,7744.0,59.01,0.039285714285714285
2805,31.8,25.0,81.0,88.0,2.4,9.6,6.800000000000001,7128.0,7.073533789818398,7744.0,58.08,0.029629629629629627
2806,31.7,25.1,84.0,56.0,9.1,11.9,6.599999999999998,4704.0,4.677339166749528,3136.0,47.67000000000001,0.10833333333333332
2807,32.4,25.4,74.0,48.0,9.5,13.4,7.0,3552.0,3.5199682885739767,2304.0,41.15,0.12837837837837837
2808,32.2,25.6,81.0,88.0,3.0,10.2,6.600000000000001,7128.0,7.084078711985688,7744.0,57.9,0.037037037037037035
2809,29.0,25.4,87.0,85.0,0.6,25.1,3.6000000000000014,7395.0,7.335581787521079,7225.0,60.120000000000005,0.006896551724137931
2810,29.1,20.8,75.0,46.0,10.0,9.0,8.3,3450.0,3.4188881181250617,2116.0,40.8,0.13333333333333333
2811,29.2,25.7,92.0,88.0,0.6,38.0,3.5,8096.0,8.054118583366494,7744.0,63.02,0.006521739130434782
2812,31.2,25.9,81.0,91.0,1.6,12.8,5.300000000000001,7371.0,7.29080118694362,8281.0,59.220000000000006,0.019753086419753086
2813,27.6,25.3,91.0,88.0,0.6,22.6,2.3000000000000007,8008.0,7.964989059080963,7744.0,62.62,0.006593406593406593
2814,30.7,25.3,93.0,88.0,0.2,35.6,5.399999999999999,8184.0,8.137615591130556,7744.0,63.54,0.002150537634408602
2815,32.4,24.6,75.0,55.0,4.0,20.0,7.799999999999997,4125.0,4.065641632170314,3025.0,45.3,0.05333333333333334
2816,31.0,24.6,79.0,60.0,6.0,40.0,6.399999999999999,4740.0,4.698651863600317,3600.0,47.800000000000004,0.0759493670886076
2817,28.6,21.7,76.0,46.0,11.0,10.7,6.900000000000002,3496.0,3.451135241855874,2116.0,40.900000000000006,0.14473684210526316
2818,31.1,22.7,78.0,47.0,8.6,14.5,8.400000000000002,3666.0,3.605428796223446,2209.0,42.720000000000006,0.11025641025641025
2819,31.8,23.1,90.0,69.0,3.2,9.5,8.7,6210.0,6.0960047118877,4761.0,55.74,0.035555555555555556
2820,30.3,23.2,75.0,51.0,8.5,15.8,7.100000000000001,3825.0,3.7770316974424802,2601.0,42.75,0.11333333333333333
2821,28.8,25.4,87.0,84.0,3.1,28.6,3.400000000000002,7308.0,7.187254130605822,7056.0,59.07,0.035632183908045977
2822,29.8,23.7,76.0,43.0,9.4,34.8,6.100000000000001,3268.0,3.2099007955996464,1849.0,40.480000000000004,0.1236842105263158
2823,26.8,24.9,92.0,88.0,0.0,22.9,1.9000000000000021,8096.0,8.04052040917668,7744.0,63.2,0.0
2824,27.5,24.1,90.0,88.0,0.3,40.8,3.3999999999999986,7920.0,7.821449733359668,7744.0,62.309999999999995,0.003333333333333333
2825,26.3,16.8,86.0,72.0,5.0,44.7,9.5,6192.0,6.1083160698431485,5184.0,54.5,0.05813953488372093
2826,31.6,24.2,70.0,38.0,8.6,20.8,7.400000000000002,2660.0,2.6183679496013386,1444.0,36.82,0.12285714285714285
2827,31.3,23.1,89.0,86.0,1.4,39.5,8.2,7654.0,7.526797128527879,7396.0,60.980000000000004,0.015730337078651683
2828,29.1,19.3,78.0,53.0,10.1,43.8,9.8,4134.0,4.065696302124311,2809.0,44.07,0.12948717948717947
2829,27.9,22.5,87.0,88.0,0.6,40.0,5.399999999999999,7656.0,7.571202531645569,7744.0,61.02,0.006896551724137931
2830,29.2,17.8,71.0,28.0,7.6,10.7,11.399999999999999,1988.0,1.9640387275242046,784.0,34.52,0.10704225352112676
2831,24.8,17.8,86.0,84.0,0.6,9.5,7.0,7224.0,7.143280925541383,7056.0,59.419999999999995,0.0069767441860465115
2832,30.7,24.3,81.0,78.0,3.5,20.5,6.399999999999999,6318.0,6.206896551724138,6084.0,54.75,0.043209876543209874
2833,30.5,23.2,84.0,61.0,4.6,11.9,7.300000000000001,5124.0,5.033893309755379,3721.0,50.52,0.054761904761904755
2834,30.6,23.1,76.0,49.0,9.5,11.1,7.5,3724.0,3.6798418972332017,2401.0,42.25,0.125
2835,28.2,19.3,82.0,85.0,2.6,20.5,8.899999999999999,6970.0,6.8407105702227895,7225.0,57.52,0.03170731707317073
2836,23.2,16.8,75.0,56.0,6.0,9.0,6.399999999999999,4200.0,4.153070305547316,3136.0,45.0,0.08
2837,27.0,21.8,83.0,83.0,1.0,15.7,5.199999999999999,6889.0,6.787860872992413,6889.0,57.800000000000004,0.012048192771084338
2838,26.5,23.3,81.0,84.0,3.8,39.7,3.1999999999999993,6804.0,6.714031971580817,7056.0,56.459999999999994,0.046913580246913576
2839,26.6,21.6,82.0,81.0,3.1,13.0,5.0,6642.0,6.523917100481288,6561.0,56.17000000000001,0.03780487804878049
2840,27.1,16.3,61.0,20.0,8.8,9.1,10.8,1220.0,1.2041058033951835,400.0,27.76,0.14426229508196722
2841,26.3,20.6,73.0,47.0,5.7,20.5,5.699999999999999,3431.0,3.3673569535773873,2209.0,41.59,0.07808219178082192
2842,26.4,22.1,70.0,69.0,5.7,35.1,4.299999999999997,4830.0,4.759558533701222,4761.0,46.99,0.08142857142857143
2843,28.8,22.4,80.0,82.0,2.5,11.7,6.400000000000002,6560.0,6.492478226444972,6724.0,55.849999999999994,0.03125
2844,29.9,19.6,76.0,60.0,2.4,16.9,10.299999999999997,4560.0,4.500148031185237,3600.0,47.68000000000001,0.031578947368421054
2845,26.9,23.3,85.0,85.0,1.0,24.5,3.599999999999998,7225.0,7.1077225774717165,7225.0,59.2,0.011764705882352941
2846,29.0,21.0,82.0,87.0,2.8,20.2,8.0,7134.0,7.059172768652286,7569.0,58.06,0.03414634146341463
2847,28.9,23.4,82.0,81.0,8.0,28.5,5.5,6642.0,6.553527380365072,6561.0,54.70000000000001,0.0975609756097561
2848,27.2,22.8,82.0,88.0,1.8,22.0,4.399999999999999,7216.0,7.070350774054478,7744.0,58.660000000000004,0.021951219512195124
2849,25.2,16.9,77.0,88.0,3.5,12.5,8.3,6776.0,6.666010821446139,7744.0,56.150000000000006,0.045454545454545456
2850,25.3,21.4,84.0,83.0,6.5,41.3,3.900000000000002,6972.0,6.867612293144208,6889.0,56.55,0.07738095238095238
2851,28.6,20.6,87.0,88.0,0.6,15.9,8.0,7656.0,7.519151443724219,7744.0,61.02,0.006896551724137931
2852,26.8,20.6,86.0,88.0,3.5,14.5,6.199999999999999,7568.0,7.431264728986646,7744.0,59.75,0.040697674418604654
2853,26.8,22.9,89.0,88.0,0.1,28.3,3.900000000000002,7832.0,7.688984881209503,7744.0,61.97,0.0011235955056179776
2854,25.0,21.1,89.0,88.0,0.0,27.3,3.8999999999999986,7832.0,7.695028492827668,7744.0,62.0,0.0
2855,25.3,22.7,90.0,81.0,0.3,30.5,2.6000000000000014,7290.0,7.176609568812759,6561.0,60.209999999999994,0.003333333333333333
2856,26.1,19.9,87.0,88.0,2.5,31.9,6.200000000000003,7656.0,7.546574667323805,7744.0,60.45,0.028735632183908046
2857,28.1,21.6,93.0,88.0,1.3,13.0,6.5,8184.0,8.051155927201181,7744.0,63.21,0.013978494623655914
2858,26.9,23.6,80.0,75.0,1.0,21.3,3.299999999999997,6000.0,5.88754783632617,5625.0,54.2,0.0125
2859,26.8,20.5,81.0,88.0,1.1,31.9,6.300000000000001,7128.0,7.008849557522124,7744.0,58.47,0.013580246913580249
2860,27.5,22.9,81.0,69.0,5.9,16.5,4.600000000000001,5589.0,5.5064039408867,4761.0,51.32999999999999,0.0728395061728395
2861,27.1,23.4,87.0,84.0,1.2,15.1,3.700000000000003,7308.0,7.19149773666601,7056.0,59.64,0.013793103448275862
2862,26.5,22.1,89.0,82.0,2.2,30.2,4.399999999999999,7298.0,7.192273578397556,6724.0,59.540000000000006,0.02471910112359551
2863,25.9,19.2,93.0,81.0,0.3,16.0,6.699999999999999,7533.0,7.426064668769716,6561.0,61.41,0.0032258064516129032
2864,23.2,18.8,80.0,83.0,0.0,32.9,4.399999999999999,6640.0,6.525798525798526,6889.0,56.9,0.0
2865,20.7,16.9,74.0,81.0,4.7,30.2,3.8000000000000007,5994.0,5.894384895269938,6561.0,52.49000000000001,0.06351351351351352
2866,20.6,18.9,89.0,88.0,1.0,23.3,1.7000000000000028,7832.0,7.702596380802518,7744.0,61.7,0.011235955056179775
2867,22.9,19.7,91.0,84.0,2.6,33.5,3.1999999999999993,7644.0,7.534746180384426,7056.0,60.81999999999999,0.028571428571428574
2868,20.8,13.4,76.0,88.0,0.7,25.0,7.4,6688.0,6.593709947747215,7744.0,56.589999999999996,0.009210526315789473
2869,24.2,17.7,75.0,46.0,6.0,28.0,6.5,3450.0,3.392997639653816,2116.0,42.0,0.08
2870,24.2,16.9,76.0,49.0,7.7,9.1,7.300000000000001,3724.0,3.661390227116311,2401.0,42.79,0.1013157894736842
2871,21.2,17.4,82.0,89.0,0.0,20.5,3.8000000000000007,7298.0,7.164032590556592,7921.0,59.5,0.0
2872,21.7,18.0,92.0,91.0,0.0,39.7,3.6999999999999993,8372.0,8.252341054706752,8281.0,64.10000000000001,0.0
2873,21.0,14.7,84.0,90.0,0.4,16.0,6.300000000000001,7560.0,7.405956112852665,8100.0,60.480000000000004,0.004761904761904762
2874,18.2,16.6,79.0,93.0,0.0,21.9,1.5999999999999979,7347.0,7.219219809374079,8649.0,59.5,0.0
2875,18.9,15.0,85.0,90.0,0.0,28.0,3.8999999999999986,7650.0,7.4801994719859195,8100.0,61.0,0.0
2876,22.4,20.6,76.0,49.0,8.6,29.8,1.7999999999999972,3724.0,3.6617502458210422,2401.0,42.52,0.1131578947368421
2877,20.6,17.9,95.0,91.0,0.0,19.3,2.700000000000003,8645.0,8.487139210681327,8281.0,65.3,0.0
2878,19.7,16.8,90.0,91.0,3.4,22.0,2.8999999999999986,8190.0,8.064198503347775,8281.0,62.279999999999994,0.03777777777777778
2879,18.1,13.3,79.0,95.0,0.0,27.1,4.800000000000001,7505.0,7.358564565153446,9025.0,60.1,0.0
2880,20.3,16.8,92.0,77.0,0.0,20.5,3.5,7084.0,6.9642154935116,5929.0,59.900000000000006,0.0
2881,18.1,16.6,95.0,91.0,0.0,38.3,1.5,8645.0,8.505509641873278,8281.0,65.3,0.0
2882,25.2,17.0,90.0,88.0,1.8,35.3,8.2,7920.0,7.796042917610001,7744.0,61.86,0.02
2883,18.9,16.8,85.0,88.0,1.0,26.4,2.099999999999998,7480.0,7.354242454035984,7744.0,60.1,0.011764705882352941
2884,17.8,11.3,78.0,69.0,5.1,31.9,6.5,5382.0,5.266660142871123,4761.0,50.370000000000005,0.06538461538461537
2885,15.7,11.4,79.0,94.0,0.0,43.8,4.299999999999999,7426.0,7.274686520376176,8836.0,59.8,0.0
2886,16.2,12.4,75.0,91.0,0.3,28.3,3.799999999999999,6825.0,6.664388243335613,8281.0,57.209999999999994,0.004
2887,17.5,11.8,79.0,78.0,3.9,46.3,5.699999999999999,6162.0,6.016990528268725,6084.0,53.83,0.049367088607594936
2888,17.1,16.0,95.0,93.0,0.0,19.4,1.1000000000000014,8835.0,8.664313033245072,8649.0,65.9,0.0
2889,19.3,6.1,75.0,49.0,8.1,35.3,13.200000000000001,3675.0,3.598002741335422,2401.0,42.27,0.108
2890,17.9,9.1,59.0,89.0,0.0,23.5,8.799999999999999,5251.0,5.136959499119546,7921.0,50.3,0.0
2891,15.7,11.0,95.0,95.0,0.0,27.9,4.699999999999999,9025.0,8.82640586797066,9025.0,66.5,0.0
2892,17.6,14.9,78.0,77.0,0.1,24.2,2.700000000000001,6006.0,5.886503969420759,5929.0,54.269999999999996,0.001282051282051282
2893,19.5,10.5,75.0,51.0,8.8,25.0,9.0,3825.0,3.726617303195635,2601.0,42.66,0.11733333333333335
2894,18.1,11.7,75.0,49.0,8.4,33.2,6.400000000000002,3675.0,3.5892176970407266,2401.0,42.18,0.112
2895,18.9,12.1,79.0,79.0,3.3,15.4,6.799999999999999,6241.0,6.083438931669753,6241.0,54.309999999999995,0.04177215189873418
2896,17.2,15.9,83.0,83.0,2.7,12.4,1.299999999999999,6889.0,6.7612130729217785,6889.0,57.29,0.032530120481927716
2897,17.5,6.9,68.0,53.0,9.1,28.4,10.6,3604.0,3.5130129642265326,2809.0,40.370000000000005,0.1338235294117647
2898,18.5,3.2,78.0,20.0,9.1,33.2,15.3,1560.0,1.5252248728979274,400.0,34.470000000000006,0.11666666666666667
2899,17.6,12.9,75.0,89.0,2.2,22.5,4.700000000000001,6675.0,6.541552332418659,7921.0,56.040000000000006,0.029333333333333336
2900,19.9,11.4,72.0,49.0,9.3,18.0,8.499999999999998,3528.0,3.458484462307617,2401.0,40.71,0.12916666666666668
2901,15.5,11.6,91.0,88.0,0.6,30.6,3.9000000000000004,8008.0,7.825662073683183,7744.0,62.62,0.006593406593406593
2902,23.0,15.5,76.0,43.0,9.1,28.5,7.5,3268.0,3.2140047206923685,1849.0,40.57000000000001,0.11973684210526316
2903,22.3,18.2,74.0,71.0,6.8,26.8,4.100000000000001,5254.0,5.1524958321074825,5041.0,48.86000000000001,0.09189189189189188
2904,21.6,17.4,91.0,90.0,0.0,26.4,4.200000000000003,8190.0,8.053097345132743,8100.0,63.4,0.0
2905,19.2,15.2,82.0,89.0,0.0,28.2,4.0,7298.0,7.152097216777735,7921.0,59.5,0.0
2906,23.7,18.1,79.0,74.0,0.0,14.6,5.599999999999998,5846.0,5.736997055937193,5476.0,53.8,0.0
2907,24.2,18.9,81.0,88.0,0.4,24.9,5.300000000000001,7128.0,6.9978401727861765,7744.0,58.68,0.0049382716049382715
2908,22.4,16.4,95.0,91.0,0.0,13.0,6.0,8645.0,8.476321207961565,8281.0,65.3,0.0
2909,21.6,12.9,79.0,89.0,2.1,35.8,8.700000000000001,7031.0,6.873594681787076,7921.0,57.669999999999995,0.026582278481012658
2910,22.9,18.0,77.0,80.0,3.8,14.2,4.899999999999999,6160.0,6.017975771785854,6400.0,53.66,0.049350649350649346
2911,20.4,15.0,75.0,91.0,0.6,22.5,5.399999999999999,6825.0,6.68724279835391,8281.0,57.12,0.008
2912,22.8,16.7,85.0,84.0,0.2,23.5,6.100000000000001,7140.0,6.998627720054891,7056.0,59.14,0.0023529411764705885
2913,17.6,15.4,91.0,89.0,0.0,25.9,2.200000000000001,8099.0,7.96831955922865,7921.0,63.099999999999994,0.0
2914,18.5,16.1,97.0,95.0,0.0,28.2,2.3999999999999986,9215.0,9.052062868369351,9025.0,67.30000000000001,0.0
2915,18.2,13.7,96.0,95.0,0.0,34.3,4.5,9120.0,8.934169278996865,9025.0,66.9,0.0
2916,23.2,16.0,78.0,80.0,1.6,25.2,7.199999999999999,6240.0,6.167836315113176,6400.0,54.720000000000006,0.020512820512820513
2917,21.0,15.5,92.0,96.0,0.0,21.9,5.5,8832.0,8.635963625696684,9216.0,65.6,0.0
2918,21.0,19.8,94.0,93.0,0.0,39.5,1.1999999999999993,8742.0,8.617902208201892,8649.0,65.5,0.0
2919,22.2,13.3,79.0,89.0,0.2,50.6,8.899999999999999,7031.0,6.8870604368694295,7921.0,58.239999999999995,0.002531645569620253
